--
-- PostgreSQL database dump
--

\restrict cmB5l1TmPDOdDu0b6fekvQbQfaQMfZmQX9XgYJQeQuIEiNUKLv0PUFoGAhuq1K7

-- Dumped from database version 16.13 (Debian 16.13-1.pgdg12+1)
-- Dumped by pg_dump version 16.13 (Homebrew)

SET statement_timeout = 0;
SET lock_timeout = 0;
SET idle_in_transaction_session_timeout = 0;
SET client_encoding = 'UTF8';
SET standard_conforming_strings = on;
SELECT pg_catalog.set_config('search_path', '', false);
SET check_function_bodies = false;
SET xmloption = content;
SET client_min_messages = warning;
SET row_security = off;

--
-- Name: public; Type: SCHEMA; Schema: -; Owner: -
--

-- *not* creating schema, since initdb creates it


--
-- Name: matchstatus; Type: TYPE; Schema: public; Owner: -
--

CREATE TYPE public.matchstatus AS ENUM (
    'UPCOMING',
    'LOCKED',
    'IN_PROGRESS',
    'COMPLETED'
);


--
-- Name: playerrole; Type: TYPE; Schema: public; Owner: -
--

CREATE TYPE public.playerrole AS ENUM (
    'BATSMAN',
    'BOWLER',
    'ALL_ROUNDER',
    'WICKET_KEEPER'
);


--
-- Name: userrole; Type: TYPE; Schema: public; Owner: -
--

CREATE TYPE public.userrole AS ENUM (
    'USER',
    'ADMIN'
);


SET default_tablespace = '';

SET default_table_access_method = heap;

--
-- Name: alembic_version; Type: TABLE; Schema: public; Owner: -
--

CREATE TABLE public.alembic_version (
    version_num character varying(32) NOT NULL
);


--
-- Name: fantasy_team_players; Type: TABLE; Schema: public; Owner: -
--

CREATE TABLE public.fantasy_team_players (
    id uuid NOT NULL,
    fantasy_team_id uuid NOT NULL,
    player_id uuid NOT NULL
);


--
-- Name: fantasy_teams; Type: TABLE; Schema: public; Owner: -
--

CREATE TABLE public.fantasy_teams (
    id uuid NOT NULL,
    user_id uuid NOT NULL,
    match_id uuid NOT NULL,
    total_score double precision DEFAULT 0 NOT NULL,
    created_at timestamp without time zone NOT NULL,
    updated_at timestamp without time zone NOT NULL,
    toss_prediction character varying,
    motm_prediction uuid
);


--
-- Name: matches; Type: TABLE; Schema: public; Owner: -
--

CREATE TABLE public.matches (
    id uuid NOT NULL,
    team_a character varying NOT NULL,
    team_b character varying NOT NULL,
    venue character varying NOT NULL,
    start_time timestamp without time zone NOT NULL,
    status public.matchstatus DEFAULT 'UPCOMING'::public.matchstatus NOT NULL,
    external_id character varying,
    created_at timestamp without time zone NOT NULL,
    updated_at timestamp without time zone NOT NULL,
    toss_winner character varying,
    motm_player_id uuid
);


--
-- Name: performance_points; Type: TABLE; Schema: public; Owner: -
--

CREATE TABLE public.performance_points (
    id uuid NOT NULL,
    match_id uuid NOT NULL,
    player_id uuid NOT NULL,
    points double precision NOT NULL,
    created_at timestamp without time zone NOT NULL,
    updated_at timestamp without time zone NOT NULL
);


--
-- Name: players; Type: TABLE; Schema: public; Owner: -
--

CREATE TABLE public.players (
    id uuid NOT NULL,
    name character varying NOT NULL,
    role public.playerrole NOT NULL,
    franchise character varying NOT NULL,
    cost double precision NOT NULL,
    external_id character varying,
    created_at timestamp without time zone NOT NULL,
    updated_at timestamp without time zone NOT NULL,
    image_url character varying,
    nationality character varying
);


--
-- Name: users; Type: TABLE; Schema: public; Owner: -
--

CREATE TABLE public.users (
    id uuid NOT NULL,
    username character varying NOT NULL,
    email character varying NOT NULL,
    password_hash character varying NOT NULL,
    role public.userrole DEFAULT 'USER'::public.userrole NOT NULL,
    is_verified boolean DEFAULT false NOT NULL,
    created_at timestamp without time zone NOT NULL,
    updated_at timestamp without time zone NOT NULL
);


--
-- Data for Name: alembic_version; Type: TABLE DATA; Schema: public; Owner: -
--

COPY public.alembic_version (version_num) FROM stdin;
ebcc1313d22c
\.


--
-- Data for Name: fantasy_team_players; Type: TABLE DATA; Schema: public; Owner: -
--

COPY public.fantasy_team_players (id, fantasy_team_id, player_id) FROM stdin;
ca220810-1b0f-44cf-9c25-0b276397ebb2	b6d7e9aa-1cc8-4ec5-8c88-df5318459382	dd40dd5e-560a-4f6e-b245-e2304834861d
8fe6ddc0-5aa1-4a0b-b1af-72e5e0334d72	b6d7e9aa-1cc8-4ec5-8c88-df5318459382	8a04b605-57e4-4cd9-b9ad-7940a29d87fc
01701858-e955-4009-a60b-d0915a5961c1	b6d7e9aa-1cc8-4ec5-8c88-df5318459382	dced2512-2bdd-4662-b17c-d4166bfe98d7
a571bc1f-07dc-41e7-80f7-7c8d3c19629f	b6d7e9aa-1cc8-4ec5-8c88-df5318459382	b6874254-7723-41fb-bb7e-4801f45b7809
2967ea8e-7e80-42d1-9488-5f29e6b46b9f	b6d7e9aa-1cc8-4ec5-8c88-df5318459382	908bc67e-df23-49ff-aed6-991b1905d66c
7f36a793-5651-4c65-843c-0bcb06f3dbde	b6d7e9aa-1cc8-4ec5-8c88-df5318459382	0d212cbf-d27e-4733-bb5d-f642aafe65cf
0269166e-93b4-470e-84f0-22c920076404	b6d7e9aa-1cc8-4ec5-8c88-df5318459382	7680ad4d-24d1-4ea2-83d1-e2b5e39bdfd1
ffdc96c2-90b0-424d-bd63-3c2f0f9486a0	b6d7e9aa-1cc8-4ec5-8c88-df5318459382	37e51aae-3895-4004-8e18-c3eceae5b0e9
d85a2259-58f3-4580-a0ae-b229f6abf348	b6d7e9aa-1cc8-4ec5-8c88-df5318459382	39a32867-e0c5-4d10-b42c-8832e73dccbe
d28e3240-ec9e-414d-b678-3e3dd2cc351f	b6d7e9aa-1cc8-4ec5-8c88-df5318459382	47e46316-31bc-46b1-8848-92b5e23be711
e81df294-1841-492d-b88a-9a77914238d9	b6d7e9aa-1cc8-4ec5-8c88-df5318459382	327905ed-19d8-427b-ad2b-eb3755ebf88c
0d13584a-9cfe-49fb-89a7-546198e50813	eee9f717-c062-49e0-8306-b1a057b08bcd	29159df2-ab95-4a95-8ad9-e100b2c76b4a
bc5ade0c-ce62-4846-b7f5-1865f6f5ec1c	eee9f717-c062-49e0-8306-b1a057b08bcd	b6874254-7723-41fb-bb7e-4801f45b7809
05f763e9-d7e0-43c9-814b-682e76b457dd	eee9f717-c062-49e0-8306-b1a057b08bcd	af6e0592-fc5c-4515-a487-10a23baff184
9408244a-4232-4d34-b588-efabca20a2b2	eee9f717-c062-49e0-8306-b1a057b08bcd	3f0b3c54-8813-4718-b362-9ce3bd2e18d2
e72de311-ca5a-42ea-ade6-4dd293339527	eee9f717-c062-49e0-8306-b1a057b08bcd	8a04b605-57e4-4cd9-b9ad-7940a29d87fc
5e51e107-b77f-4683-9836-c73642d73d42	eee9f717-c062-49e0-8306-b1a057b08bcd	0d212cbf-d27e-4733-bb5d-f642aafe65cf
5e1fdb58-871f-4361-bc80-be27977029bf	eee9f717-c062-49e0-8306-b1a057b08bcd	91e0bc15-85e4-43ae-8f34-c70e7a92a3ad
d22e5bb3-39dd-49eb-8cc4-a880b7b3cd79	eee9f717-c062-49e0-8306-b1a057b08bcd	dced2512-2bdd-4662-b17c-d4166bfe98d7
574fd4bd-91ae-4b7a-8412-92badd9c8ac7	eee9f717-c062-49e0-8306-b1a057b08bcd	2a69e6ec-4d5d-4407-abea-fd52b36c2248
0d0cdc6d-272d-4122-a530-05279cb04eee	eee9f717-c062-49e0-8306-b1a057b08bcd	4408bb66-01f5-4d16-956d-dd85c498b36f
5e7bb2d5-cc5d-4ca7-a6d2-56314274aaa8	eee9f717-c062-49e0-8306-b1a057b08bcd	bc1dcb1a-f218-4af8-b61d-d2e0c567c2d5
5c52e390-0033-4546-8387-817ed23b882a	aae38cf5-5774-400f-95f9-b0ede4bc02bb	8806a5d0-3968-479d-ae6d-fac00895b382
11a1fe85-36f7-401c-94b7-77ade9457948	aae38cf5-5774-400f-95f9-b0ede4bc02bb	737adced-44e0-4090-8408-1a99e41adab2
4efd0313-26cb-4e9f-89eb-cc211dc70897	aae38cf5-5774-400f-95f9-b0ede4bc02bb	938a6ddc-83ab-449a-8811-12e3b5bf2591
f54cdc16-175d-4050-a36b-eaee6e1209bb	aae38cf5-5774-400f-95f9-b0ede4bc02bb	7cc082a6-411a-4581-a477-c571f6e65550
51d6bf25-65e9-4af6-8aa7-b25245ef5ad8	aae38cf5-5774-400f-95f9-b0ede4bc02bb	4229ad29-e7b5-4717-9dd7-9a7eccdadeb6
be05b908-1039-4e8f-8ab3-0368fa691a46	aae38cf5-5774-400f-95f9-b0ede4bc02bb	48aba537-4296-4b84-aa72-99aeb0d4aa38
bd321b9e-f5ed-4900-9e8e-a85b85b88f50	aae38cf5-5774-400f-95f9-b0ede4bc02bb	f40f3ec6-4cd0-4cba-b61d-c71beaa5414f
3e088586-0d6f-4a44-b87e-64522eeed426	aae38cf5-5774-400f-95f9-b0ede4bc02bb	46ca9ab3-7a61-439a-a0cb-2c119709a834
63e78c25-67a6-440c-bc6e-b72e839af4c9	aae38cf5-5774-400f-95f9-b0ede4bc02bb	da1ea119-8664-44bf-a6ab-e5a2920d502e
694baf09-b0e8-4d43-b863-8dbad155058c	aae38cf5-5774-400f-95f9-b0ede4bc02bb	0befddc3-deb0-4db6-86c0-343ba53c8d23
e74af3d1-aa65-4fa8-8e99-8156fb366d93	aae38cf5-5774-400f-95f9-b0ede4bc02bb	1b46de5e-ce08-4edb-a605-c3885b6d76ba
0e820e1a-0699-49b6-8e40-a9c987b9a924	17f0c2d0-bada-4eaf-b623-ad84f707ad5c	37ac1b02-dd2d-40aa-8cd6-e729b0e391ac
116a8fbb-0f2c-4023-b748-6fb5b52ad964	17f0c2d0-bada-4eaf-b623-ad84f707ad5c	2019be20-2d1b-45a4-91fb-68cce6ac13dd
65044197-f52a-448d-ad21-fff2dae3af74	17f0c2d0-bada-4eaf-b623-ad84f707ad5c	0befddc3-deb0-4db6-86c0-343ba53c8d23
7501eb45-0278-4167-8a5f-834356ebe081	17f0c2d0-bada-4eaf-b623-ad84f707ad5c	810ec55e-baeb-46ed-8165-81084dda46ba
1cd823e7-f6ad-4dba-bb91-715583f0245a	17f0c2d0-bada-4eaf-b623-ad84f707ad5c	7cc082a6-411a-4581-a477-c571f6e65550
c931ba28-058a-4219-8f12-3de2a378f535	17f0c2d0-bada-4eaf-b623-ad84f707ad5c	8806a5d0-3968-479d-ae6d-fac00895b382
4da6e3bf-393f-4341-9097-b6e9e7aa0ba0	17f0c2d0-bada-4eaf-b623-ad84f707ad5c	48aba537-4296-4b84-aa72-99aeb0d4aa38
e7179152-65dc-4aad-86e1-ed7484597df3	17f0c2d0-bada-4eaf-b623-ad84f707ad5c	737adced-44e0-4090-8408-1a99e41adab2
b5c86a36-0a8b-4638-9931-b6bbd6da670b	17f0c2d0-bada-4eaf-b623-ad84f707ad5c	c825cf09-c692-4dd9-ba22-436af4ae7c3a
27cc2a81-16a1-4ec7-8979-8b604b186fb9	17f0c2d0-bada-4eaf-b623-ad84f707ad5c	4472c735-0b87-4d0c-bc7d-b5d5ba357c2f
6f346707-676e-4510-b10d-4594fd18443d	17f0c2d0-bada-4eaf-b623-ad84f707ad5c	bb0c4332-ee06-4338-b133-da26b7580128
da86e742-42ec-4f89-9635-e9512f94f4d6	7de7521f-3391-4c1c-90dc-738329dc7954	4229ad29-e7b5-4717-9dd7-9a7eccdadeb6
70176765-048f-4bb5-b3bb-aa15f1fd0cd8	7de7521f-3391-4c1c-90dc-738329dc7954	1dffcb3c-053d-4842-986c-6e163d89f804
d99c3feb-9a13-46d0-9f7f-e46b03ad12e7	7de7521f-3391-4c1c-90dc-738329dc7954	7cc082a6-411a-4581-a477-c571f6e65550
32276b59-a507-4beb-9dc8-f57b734f689d	7de7521f-3391-4c1c-90dc-738329dc7954	b5110f41-abb7-4653-915b-96a4b9fd49c9
517f92f3-bfc4-4cd7-a15b-81c81e08369c	7de7521f-3391-4c1c-90dc-738329dc7954	810ec55e-baeb-46ed-8165-81084dda46ba
083bdeb4-4c07-4568-b260-3e928bd329c3	7de7521f-3391-4c1c-90dc-738329dc7954	938a6ddc-83ab-449a-8811-12e3b5bf2591
79cee912-5421-4f75-b771-3ef49e584794	7de7521f-3391-4c1c-90dc-738329dc7954	6d165bea-2f93-4c99-94a9-3de674d6c211
ce579066-c9a7-448d-8737-f702b5a8b119	7de7521f-3391-4c1c-90dc-738329dc7954	2019be20-2d1b-45a4-91fb-68cce6ac13dd
9fa53cac-78e2-4e84-af76-7bb13ece7b7e	7de7521f-3391-4c1c-90dc-738329dc7954	cd86a687-deb2-4fd3-84ba-1b4ff3acc117
e5fc0c1e-4f5c-492f-9795-6fa45a02fa80	7de7521f-3391-4c1c-90dc-738329dc7954	d28a53cd-c74f-491c-8c4d-358848912948
e52adcb7-4219-4e2d-a0a0-b911219e3528	7de7521f-3391-4c1c-90dc-738329dc7954	0befddc3-deb0-4db6-86c0-343ba53c8d23
cbd96c0a-6857-4317-bcbd-71f3fb151e20	d9cfd02c-6f9d-4df9-8c42-e447a44889e3	ae3d5ba1-7a84-45cc-9771-1e33af8b928a
c289ef14-9298-47c7-929a-f45d3f2acc97	d9cfd02c-6f9d-4df9-8c42-e447a44889e3	72de27c6-947c-4108-a172-6a2757ec876d
387a088c-847e-402a-804a-29306027920e	d9cfd02c-6f9d-4df9-8c42-e447a44889e3	86a1c6f7-302a-4afc-bf12-46bdc68a9757
2893a954-bddf-4db2-adc1-00d8499738e7	d9cfd02c-6f9d-4df9-8c42-e447a44889e3	2b7124e1-fb51-40c6-99ae-85024355159f
b5963ad5-efc6-47e4-b58d-6ed3430f996f	d9cfd02c-6f9d-4df9-8c42-e447a44889e3	3a845c6a-cd83-4011-8dcc-bd710401a20f
0e41aecf-b878-4ed7-87c1-04e4d21f9bd1	d9cfd02c-6f9d-4df9-8c42-e447a44889e3	1f5dfe7b-fc5d-4aba-a974-fe8bb503feed
0ffbcfc3-7922-4348-b678-8689b299be4b	d9cfd02c-6f9d-4df9-8c42-e447a44889e3	62dbee04-c6f3-44ef-ae7a-066edf5b3fac
1f2eacdb-f83e-4c97-965f-8f7519a064eb	d9cfd02c-6f9d-4df9-8c42-e447a44889e3	7a259e03-2682-4d94-85ec-c1c04a2b95cd
240165da-1e63-4ecf-8656-5fda9f7dfccc	d9cfd02c-6f9d-4df9-8c42-e447a44889e3	eea25640-f0c3-4e54-9dec-84922611a4f4
0ffec4d4-aaad-40f3-bc35-4621c40846e0	d9cfd02c-6f9d-4df9-8c42-e447a44889e3	7a2f9df4-828f-4e18-8cc0-613b98607785
794252e6-d27c-45c0-8cc1-14b1b755bbec	d9cfd02c-6f9d-4df9-8c42-e447a44889e3	000748d4-b04c-4955-972d-909962374f5d
d9f1d57d-d218-44e2-bda3-b79aad939ff9	84dbd660-726d-4407-9dac-fc968a5a6982	1dffcb3c-053d-4842-986c-6e163d89f804
cc258694-454f-4481-8649-9c399cd95a68	84dbd660-726d-4407-9dac-fc968a5a6982	36f3fc16-cc18-4a6a-88f4-27e23dcca8ea
7aa7ad14-236c-41ee-bc06-e9289c28803a	84dbd660-726d-4407-9dac-fc968a5a6982	b3f263ee-7958-437b-baad-cb25ea712fad
1d6f0078-6d07-4842-952a-8ed2051281b4	84dbd660-726d-4407-9dac-fc968a5a6982	55dd72b4-ff29-4ba6-a8f5-f109cd512712
0d0e1e8c-aa03-4f96-aaaa-67cd4a0da6b0	84dbd660-726d-4407-9dac-fc968a5a6982	cec1d9cb-fa6b-4a6d-8e93-a53ab701d28b
a63f2b9e-37db-424f-8900-1749a0e0c1ac	84dbd660-726d-4407-9dac-fc968a5a6982	64ff8fad-06b5-42b1-a0e4-a03ca06be5a5
9f5319ec-da61-4122-bba7-c11c19b57a05	84dbd660-726d-4407-9dac-fc968a5a6982	27309e82-d534-4d1c-9eb3-a700b986d5ae
21fd5274-b834-45d3-870c-08014458ba4d	84dbd660-726d-4407-9dac-fc968a5a6982	589e07c7-71af-423d-9b80-1c844ae2f830
69b37eb2-8e49-4ec4-8165-fac49ceb95d4	84dbd660-726d-4407-9dac-fc968a5a6982	417f3324-70eb-4046-b9dc-5eafd1014baf
d4f423db-6484-4fd5-9897-0c1b6e6b7811	84dbd660-726d-4407-9dac-fc968a5a6982	ef34e8b5-8f00-4d8d-a138-dfea20b0470a
3bd37177-6eb7-40d3-985b-f6d9e2e66168	84dbd660-726d-4407-9dac-fc968a5a6982	20967e9a-48c3-4458-b22c-5e7b41dd2f7d
4e431bbb-5e91-4816-8ffb-9729af48a925	65749fd8-47bc-46bc-8fb9-a71fb945dad1	b5110f41-abb7-4653-915b-96a4b9fd49c9
9db6bce4-06b3-46b8-bdda-8dba3d0a2862	65749fd8-47bc-46bc-8fb9-a71fb945dad1	6d165bea-2f93-4c99-94a9-3de674d6c211
b1895f9c-e76f-4351-b792-b894c2fc4968	65749fd8-47bc-46bc-8fb9-a71fb945dad1	3e20ca0d-dc95-4a9f-b50f-ac1216ba791d
f7749c30-990b-4fa5-8a77-6d5160540189	65749fd8-47bc-46bc-8fb9-a71fb945dad1	6d543fca-e721-4478-bade-936014032b67
4e14d8c5-ad90-4c03-86ea-7ed27ec3042e	65749fd8-47bc-46bc-8fb9-a71fb945dad1	64ff8fad-06b5-42b1-a0e4-a03ca06be5a5
3a41dc46-70be-4245-b8c7-d73768adcb73	65749fd8-47bc-46bc-8fb9-a71fb945dad1	5d6fa87e-094b-4882-85f1-93d1bf6d0934
c78f2a5f-5a57-4698-8768-a1d0558eb4b5	65749fd8-47bc-46bc-8fb9-a71fb945dad1	36f3fc16-cc18-4a6a-88f4-27e23dcca8ea
78fd448a-5e8d-421a-867b-f4311e49e65b	65749fd8-47bc-46bc-8fb9-a71fb945dad1	27309e82-d534-4d1c-9eb3-a700b986d5ae
8a04e891-965a-43fe-8075-7b5b42e2c952	65749fd8-47bc-46bc-8fb9-a71fb945dad1	440ad4b9-6a7a-46ea-86fe-5c56a6b8f842
1400ec5c-dfba-44ae-afb9-3a87539c043e	65749fd8-47bc-46bc-8fb9-a71fb945dad1	589e07c7-71af-423d-9b80-1c844ae2f830
0c4d7190-cf1b-4bb2-8339-cf18b18993a2	65749fd8-47bc-46bc-8fb9-a71fb945dad1	1dffcb3c-053d-4842-986c-6e163d89f804
1034b9fb-7e59-4f8d-83bb-ffec38b1c3f7	a7aa6fd2-a25f-43a9-afe4-713d1c0fde8a	86a1c6f7-302a-4afc-bf12-46bdc68a9757
df90c67c-c1d3-4533-ad62-59d2b5fd02cb	a7aa6fd2-a25f-43a9-afe4-713d1c0fde8a	ae3d5ba1-7a84-45cc-9771-1e33af8b928a
9068a0c9-6108-4d78-bb93-e51fd0bfd179	a7aa6fd2-a25f-43a9-afe4-713d1c0fde8a	eea25640-f0c3-4e54-9dec-84922611a4f4
a6abf3c7-c435-4dde-a09a-3e32d74952c7	a7aa6fd2-a25f-43a9-afe4-713d1c0fde8a	13b8d82a-405f-44f2-8d6f-31b984fc8506
7c805f9d-9bf0-40df-bf83-d208adfa347b	a7aa6fd2-a25f-43a9-afe4-713d1c0fde8a	721fdd4a-817c-4127-b650-e080106cf2a7
ccec49cf-86ea-4a13-b664-cb08430b7126	a7aa6fd2-a25f-43a9-afe4-713d1c0fde8a	72de27c6-947c-4108-a172-6a2757ec876d
5486c344-6238-4160-a329-ce4e1878ee0c	a7aa6fd2-a25f-43a9-afe4-713d1c0fde8a	5d11c7db-19a5-4d4d-9733-eebb7425316b
c1653e47-b6d3-45df-bf78-32a245cd3bac	a7aa6fd2-a25f-43a9-afe4-713d1c0fde8a	7a2f9df4-828f-4e18-8cc0-613b98607785
707883f0-6d18-4e3c-ac26-b72442920557	5d6a6681-cbf0-487f-bafd-0b276a3bcf3c	0d212cbf-d27e-4733-bb5d-f642aafe65cf
9fc4b7a3-ea44-40bb-885e-3fdbf3f56fe9	5d6a6681-cbf0-487f-bafd-0b276a3bcf3c	b6874254-7723-41fb-bb7e-4801f45b7809
674f0903-4c39-4a68-b654-1a7a9b8e2775	5d6a6681-cbf0-487f-bafd-0b276a3bcf3c	8a04b605-57e4-4cd9-b9ad-7940a29d87fc
13c96ff4-b531-40bf-a047-1b93637ae3c1	5d6a6681-cbf0-487f-bafd-0b276a3bcf3c	a3b2c87a-ffec-4e2e-bca9-a83b8c0ddbe2
624a50f5-6f56-40aa-ad8b-2fb90357cb3b	5d6a6681-cbf0-487f-bafd-0b276a3bcf3c	7680ad4d-24d1-4ea2-83d1-e2b5e39bdfd1
4d1126ef-39b4-4d10-9a73-a1e36e77fb14	5d6a6681-cbf0-487f-bafd-0b276a3bcf3c	327905ed-19d8-427b-ad2b-eb3755ebf88c
0ae8c80c-4476-4bdb-9f50-d659ce15201b	5d6a6681-cbf0-487f-bafd-0b276a3bcf3c	dd40dd5e-560a-4f6e-b245-e2304834861d
395b828a-937f-4655-8d5f-48663222c892	5d6a6681-cbf0-487f-bafd-0b276a3bcf3c	05bfbb0d-2bb6-4eed-ad26-f69f0483d8ac
bbb28e4a-246a-4aa2-96bf-5741a3594ef7	5d6a6681-cbf0-487f-bafd-0b276a3bcf3c	0a929ae7-60a2-41cc-9e08-00f2d407ea2c
43fd777e-1764-400b-bd5b-7b765bc7ff9e	5d6a6681-cbf0-487f-bafd-0b276a3bcf3c	8552cdb4-bfed-4e20-86c5-945bfef5cf4f
cec8535e-70bc-45a6-a863-d6f8a745045a	5d6a6681-cbf0-487f-bafd-0b276a3bcf3c	af6e0592-fc5c-4515-a487-10a23baff184
32b25c5f-ec0d-4ef9-89ca-d70d13ccd96b	a7aa6fd2-a25f-43a9-afe4-713d1c0fde8a	c969ed10-fa65-4e14-b3e6-d9f24cd3d6f5
6509893d-cdf7-4c9d-9487-c48bd7a3d7d5	a7aa6fd2-a25f-43a9-afe4-713d1c0fde8a	7064d2a2-ad7d-40ff-bc88-47fcaf72d1ea
9ac45b32-58fb-4798-a1f5-20f2e7fb624f	a7aa6fd2-a25f-43a9-afe4-713d1c0fde8a	3a845c6a-cd83-4011-8dcc-bd710401a20f
1f37eca9-74b3-41a9-9314-8c619ad4e74c	65f2ad82-b8a8-4ad2-a8d8-648be8db11af	5d4dd9eb-467c-4398-aff9-50670603d632
fb4e299a-a231-4184-b3d4-fb4400333d5e	65f2ad82-b8a8-4ad2-a8d8-648be8db11af	6435ca71-182d-47b7-86f0-df52c9b527c1
be8b4d9e-671d-41cf-907c-91a0a7376af5	65f2ad82-b8a8-4ad2-a8d8-648be8db11af	2c7f6870-03f6-4b86-b7eb-a6a566d2540f
4777b551-7d06-4611-b458-4554c4712a22	65f2ad82-b8a8-4ad2-a8d8-648be8db11af	4cafa6a9-8ebd-49d9-93b7-b265b2a44f5b
987a6a86-bc04-4797-846e-74182f516971	65f2ad82-b8a8-4ad2-a8d8-648be8db11af	256ad840-c187-44d0-b0af-2c6d226102c8
b835c025-3aa5-4010-b3eb-30188cccbe07	65f2ad82-b8a8-4ad2-a8d8-648be8db11af	554a10ae-af7c-4c97-b162-4a569e323d6a
92742f36-7e48-44ef-9f49-1e8196f1badb	65f2ad82-b8a8-4ad2-a8d8-648be8db11af	efa56ea0-57e7-4386-be75-72debbf32185
899d3dea-d69d-4245-a49f-4fe309228faf	65f2ad82-b8a8-4ad2-a8d8-648be8db11af	3e20ca0d-dc95-4a9f-b50f-ac1216ba791d
2672f69b-b534-45be-b1c4-14ae26b197d0	65f2ad82-b8a8-4ad2-a8d8-648be8db11af	1dffcb3c-053d-4842-986c-6e163d89f804
80f20ea1-e8fa-4501-80b9-1302d7e38025	65f2ad82-b8a8-4ad2-a8d8-648be8db11af	6d165bea-2f93-4c99-94a9-3de674d6c211
05f9f6f7-d78e-4e6a-91ef-afd08e1025fb	65f2ad82-b8a8-4ad2-a8d8-648be8db11af	cd86a687-deb2-4fd3-84ba-1b4ff3acc117
d47236ea-93d5-4526-b1cf-8f2bd81c88e3	011f62ed-ed39-47cb-b887-49b4fb9a71ac	5d4dd9eb-467c-4398-aff9-50670603d632
3d85296b-b920-4134-ac5f-f87b01de11b8	011f62ed-ed39-47cb-b887-49b4fb9a71ac	cd86a687-deb2-4fd3-84ba-1b4ff3acc117
0d6ce8ff-c3de-4fd8-9471-d0bc01b553f5	011f62ed-ed39-47cb-b887-49b4fb9a71ac	554a10ae-af7c-4c97-b162-4a569e323d6a
00281459-352e-457b-8d3c-3fa70bd873e8	011f62ed-ed39-47cb-b887-49b4fb9a71ac	d28a53cd-c74f-491c-8c4d-358848912948
6a28f796-4b8f-4b73-912e-d1110ba43bca	011f62ed-ed39-47cb-b887-49b4fb9a71ac	2c7f6870-03f6-4b86-b7eb-a6a566d2540f
6e02f912-c530-4d94-a245-a3343d68507f	011f62ed-ed39-47cb-b887-49b4fb9a71ac	b5110f41-abb7-4653-915b-96a4b9fd49c9
4b88d748-9ec9-419a-839b-b255df708c77	011f62ed-ed39-47cb-b887-49b4fb9a71ac	6435ca71-182d-47b7-86f0-df52c9b527c1
9c7eddb8-3a24-4d80-8d89-a01429c22a97	011f62ed-ed39-47cb-b887-49b4fb9a71ac	1dffcb3c-053d-4842-986c-6e163d89f804
898a9eb0-aa83-4cd3-894b-9eef28b66337	011f62ed-ed39-47cb-b887-49b4fb9a71ac	9a9e274d-1b97-44f0-ad36-7b3d4aca5020
3163580d-e285-4ee6-9df5-d1f9ccd46799	011f62ed-ed39-47cb-b887-49b4fb9a71ac	efa56ea0-57e7-4386-be75-72debbf32185
1c24677f-b802-4a23-9555-c5107f90e006	011f62ed-ed39-47cb-b887-49b4fb9a71ac	256ad840-c187-44d0-b0af-2c6d226102c8
\.


--
-- Data for Name: fantasy_teams; Type: TABLE DATA; Schema: public; Owner: -
--

COPY public.fantasy_teams (id, user_id, match_id, total_score, created_at, updated_at, toss_prediction, motm_prediction) FROM stdin;
eee9f717-c062-49e0-8306-b1a057b08bcd	6c4123f1-2862-4eda-aa89-972c59839ab1	a86410fa-d381-4ce9-a522-2b632581c44c	0	2026-03-29 11:34:21.834327	2026-03-29 21:22:23.510747	Mumbai Indians	\N
7de7521f-3391-4c1c-90dc-738329dc7954	6c4123f1-2862-4eda-aa89-972c59839ab1	77c2374d-1fc7-4fef-93f4-6af2d7ed345b	0	2026-03-30 12:38:46.129298	2026-03-30 21:01:53.83664	Chennai Super Kings	4229ad29-e7b5-4717-9dd7-9a7eccdadeb6
65749fd8-47bc-46bc-8fb9-a71fb945dad1	0363fd4f-24dd-463f-a1e2-321c9a4dc4aa	c32258ef-fc15-429f-85c6-91512562badd	300	2026-04-03 12:18:34.942045	2026-04-03 18:33:44.444149	Punjab Kings	3e20ca0d-dc95-4a9f-b50f-ac1216ba791d
84dbd660-726d-4407-9dac-fc968a5a6982	6c4123f1-2862-4eda-aa89-972c59839ab1	c32258ef-fc15-429f-85c6-91512562badd	373	2026-04-03 12:19:03.989338	2026-04-03 18:33:44.444153	Punjab Kings	64ff8fad-06b5-42b1-a0e4-a03ca06be5a5
5d6a6681-cbf0-487f-bafd-0b276a3bcf3c	0363fd4f-24dd-463f-a1e2-321c9a4dc4aa	50ecaa59-5266-4a04-afee-a0da9fa80325	196	2026-04-03 16:07:24.846029	2026-04-04 14:08:56.899395	Delhi Capitals	0d212cbf-d27e-4733-bb5d-f642aafe65cf
b6d7e9aa-1cc8-4ec5-8c88-df5318459382	6c4123f1-2862-4eda-aa89-972c59839ab1	50ecaa59-5266-4a04-afee-a0da9fa80325	264	2026-04-03 19:06:30.501005	2026-04-04 14:08:56.899401	Mumbai Indians	8a04b605-57e4-4cd9-b9ad-7940a29d87fc
17f0c2d0-bada-4eaf-b623-ad84f707ad5c	0363fd4f-24dd-463f-a1e2-321c9a4dc4aa	d7820ac3-56e7-4635-a09f-17ecec9a5d44	563	2026-04-04 12:10:06.671965	2026-04-04 18:20:26.011323	Rajasthan Royals	737adced-44e0-4090-8408-1a99e41adab2
aae38cf5-5774-400f-95f9-b0ede4bc02bb	6c4123f1-2862-4eda-aa89-972c59839ab1	d7820ac3-56e7-4635-a09f-17ecec9a5d44	435	2026-04-04 11:04:59.52966	2026-04-04 18:20:26.011328	Rajasthan Royals	4229ad29-e7b5-4717-9dd7-9a7eccdadeb6
d9cfd02c-6f9d-4df9-8c42-e447a44889e3	6c4123f1-2862-4eda-aa89-972c59839ab1	fd1a6724-3ca7-4a20-b7b3-8aca567883d8	0	2026-04-04 20:15:19.770032	2026-04-04 20:15:19.770035	Sunrisers Hyderabad	ae3d5ba1-7a84-45cc-9771-1e33af8b928a
a7aa6fd2-a25f-43a9-afe4-713d1c0fde8a	0363fd4f-24dd-463f-a1e2-321c9a4dc4aa	fd1a6724-3ca7-4a20-b7b3-8aca567883d8	0	2026-04-05 06:42:01.534893	2026-04-05 06:42:01.534896	Sunrisers Hyderabad	86a1c6f7-302a-4afc-bf12-46bdc68a9757
65f2ad82-b8a8-4ad2-a8d8-648be8db11af	0363fd4f-24dd-463f-a1e2-321c9a4dc4aa	0e3b4b1c-edb8-475e-bcb4-7a64ec5e8032	0	2026-04-05 06:47:18.178822	2026-04-05 06:47:18.178827	Royal Challengers Bengaluru	6d165bea-2f93-4c99-94a9-3de674d6c211
011f62ed-ed39-47cb-b887-49b4fb9a71ac	6c4123f1-2862-4eda-aa89-972c59839ab1	0e3b4b1c-edb8-475e-bcb4-7a64ec5e8032	0	2026-04-05 09:08:22.842688	2026-04-05 09:08:22.842691	Royal Challengers Bengaluru	b5110f41-abb7-4653-915b-96a4b9fd49c9
\.


--
-- Data for Name: matches; Type: TABLE DATA; Schema: public; Owner: -
--

COPY public.matches (id, team_a, team_b, venue, start_time, status, external_id, created_at, updated_at, toss_winner, motm_player_id) FROM stdin;
c32258ef-fc15-429f-85c6-91512562badd	Chennai Super Kings	Punjab Kings	MA Chidambaram Stadium, Chennai	2026-04-03 14:00:00	COMPLETED	\N	2026-03-22 22:33:16.931894	2026-04-03 18:28:24.045194	Punjab Kings	ef34e8b5-8f00-4d8d-a138-dfea20b0470a
50ecaa59-5266-4a04-afee-a0da9fa80325	Delhi Capitals	Mumbai Indians	Arun Jaitley Stadium, Delhi	2026-04-04 10:00:00	COMPLETED	\N	2026-03-22 22:33:16.931901	2026-04-04 14:07:02.870392	Delhi Capitals	7814eecc-0836-4957-8c5f-4373a0d21b6f
d7820ac3-56e7-4635-a09f-17ecec9a5d44	Gujarat Titans	Rajasthan Royals	Narendra Modi Stadium, Ahmedabad	2026-04-04 14:00:00	COMPLETED	\N	2026-03-22 22:33:16.931907	2026-04-04 18:17:29.476653	Rajasthan Royals	0befddc3-deb0-4db6-86c0-343ba53c8d23
fd1a6724-3ca7-4a20-b7b3-8aca567883d8	Sunrisers Hyderabad	Lucknow Super Giants	Rajiv Gandhi Intl Stadium, Hyderabad	2026-04-05 10:00:00	UPCOMING	\N	2026-03-22 22:33:16.931914	2026-03-22 22:33:16.931915	\N	\N
0e3b4b1c-edb8-475e-bcb4-7a64ec5e8032	Royal Challengers Bengaluru	Chennai Super Kings	M. Chinnaswamy Stadium, Bengaluru	2026-04-05 14:00:00	UPCOMING	\N	2026-03-22 22:33:16.93192	2026-03-22 22:33:16.931922	\N	\N
2de57583-c9b8-4d65-aaea-0bc8e088a042	Kolkata Knight Riders	Punjab Kings	Eden Gardens, Kolkata	2026-04-06 14:00:00	UPCOMING	\N	2026-03-22 22:33:16.931927	2026-03-22 22:33:16.931929	\N	\N
afe1ee29-6c3b-4e7e-866a-30fb422f9426	Rajasthan Royals	Mumbai Indians	ACA Stadium, Guwahati	2026-04-07 14:00:00	UPCOMING	\N	2026-03-22 22:33:16.931933	2026-03-22 22:33:16.931935	\N	\N
d29d3564-5413-4e18-9658-2bea4b80e688	Delhi Capitals	Gujarat Titans	Arun Jaitley Stadium, Delhi	2026-04-08 14:00:00	UPCOMING	\N	2026-03-22 22:33:16.93194	2026-03-22 22:33:16.931941	\N	\N
7ae7f7bd-d30b-4d7b-ae8c-81d98b934e0e	Kolkata Knight Riders	Lucknow Super Giants	Eden Gardens, Kolkata	2026-04-09 14:00:00	UPCOMING	\N	2026-03-22 22:33:16.931946	2026-03-22 22:33:16.931948	\N	\N
614f6a84-1299-42d5-a575-e596685825bd	Rajasthan Royals	Royal Challengers Bengaluru	ACA Stadium, Guwahati	2026-04-10 14:00:00	UPCOMING	\N	2026-03-22 22:33:16.931953	2026-03-22 22:33:16.931955	\N	\N
779615a8-8cf5-4b4e-a3e7-bbecb3d9f4c8	Punjab Kings	Sunrisers Hyderabad	PCA New Stadium, New Chandigarh	2026-04-11 10:00:00	UPCOMING	\N	2026-03-22 22:33:16.93196	2026-03-22 22:33:16.931961	\N	\N
f69fa05b-a591-4455-ae94-9e1fe3887515	Chennai Super Kings	Delhi Capitals	MA Chidambaram Stadium, Chennai	2026-04-11 14:00:00	UPCOMING	\N	2026-03-22 22:33:16.931966	2026-03-22 22:33:16.931968	\N	\N
f0e8443e-efd3-4099-9c1d-90054fd108ec	Lucknow Super Giants	Gujarat Titans	BRSABV Ekana Stadium, Lucknow	2026-04-12 10:00:00	UPCOMING	\N	2026-03-22 22:33:16.931973	2026-03-22 22:33:16.931974	\N	\N
2c0b27ab-32ae-41e7-b2a9-6c397333e427	Mumbai Indians	Royal Challengers Bengaluru	Wankhede Stadium, Mumbai	2026-04-12 14:00:00	UPCOMING	\N	2026-03-22 22:33:16.931979	2026-03-22 22:33:16.931981	\N	\N
ab96a558-9d88-47a5-94af-5659eb4ac7f8	Royal Challengers Bengaluru	Sunrisers Hyderabad	M. Chinnaswamy Stadium, Bengaluru	2026-03-28 14:00:00	COMPLETED	\N	2026-03-22 22:33:16.931825	2026-03-22 22:33:16.93183	Royal Challengers Bengaluru	554a10ae-af7c-4c97-b162-4a569e323d6a
a86410fa-d381-4ce9-a522-2b632581c44c	Mumbai Indians	Kolkata Knight Riders	Wankhede Stadium, Mumbai	2026-03-29 14:00:00	COMPLETED	\N	2026-03-22 22:33:16.931839	2026-03-29 21:15:26.366332	Mumbai Indians	37e51aae-3895-4004-8e18-c3eceae5b0e9
77c2374d-1fc7-4fef-93f4-6af2d7ed345b	Rajasthan Royals	Chennai Super Kings	ACA Stadium, Guwahati	2026-03-30 14:00:00	COMPLETED	\N	2026-03-22 22:33:16.931848	2026-03-30 17:37:16.955429	Rajasthan Royals	f40f3ec6-4cd0-4cba-b61d-c71beaa5414f
21e79ed7-1083-42b8-84b2-cd5ed59f75f7	Punjab Kings	Gujarat Titans	PCA New Stadium, New Chandigarh	2026-03-31 14:00:00	COMPLETED	\N	2026-03-22 22:33:16.931874	2026-04-03 14:13:20.78873	\N	\N
5062f6d2-b7c6-47d4-86ff-d7d2efc9f179	Lucknow Super Giants	Delhi Capitals	BRSABV Ekana Stadium, Lucknow	2026-04-01 14:00:00	COMPLETED	\N	2026-03-22 22:33:16.931881	2026-04-03 14:13:20.78873	\N	\N
dcedc0d9-ab05-4aa5-9d55-4d650d03fed9	Kolkata Knight Riders	Sunrisers Hyderabad	Eden Gardens, Kolkata	2026-04-02 14:00:00	COMPLETED	\N	2026-03-22 22:33:16.931888	2026-04-03 14:13:20.78873	\N	\N
\.


--
-- Data for Name: performance_points; Type: TABLE DATA; Schema: public; Owner: -
--

COPY public.performance_points (id, match_id, player_id, points, created_at, updated_at) FROM stdin;
07f07c4b-ef9c-45ac-a9b3-a44b30802657	ab96a558-9d88-47a5-94af-5659eb4ac7f8	d97a40bb-3346-47c9-bb3d-2b28ab215403	19	2026-03-29 07:26:42.52053	2026-03-29 07:26:42.520534
2456c8b3-14fa-4819-9457-2a83b6e2d080	ab96a558-9d88-47a5-94af-5659eb4ac7f8	5d4dd9eb-467c-4398-aff9-50670603d632	25	2026-03-29 07:26:42.520536	2026-03-29 07:26:42.520537
08ad47ad-e536-4a22-b8ba-30c5c92de07a	ab96a558-9d88-47a5-94af-5659eb4ac7f8	6435ca71-182d-47b7-86f0-df52c9b527c1	116	2026-03-29 07:26:42.520538	2026-03-29 07:26:42.520539
9f748bb3-2a17-4a86-b024-d69b37b774c1	ab96a558-9d88-47a5-94af-5659eb4ac7f8	4b3d5cd5-9427-4743-91cd-523033caeeec	0	2026-03-29 07:26:42.52054	2026-03-29 07:26:42.520541
f6770488-1f52-424f-b150-db1ef665fc7b	ab96a558-9d88-47a5-94af-5659eb4ac7f8	554a10ae-af7c-4c97-b162-4a569e323d6a	89	2026-03-29 07:26:42.520542	2026-03-29 07:26:42.520543
88eac5fa-9abe-4a04-9fb8-6a75a6136a60	ab96a558-9d88-47a5-94af-5659eb4ac7f8	cf50a385-48cd-4b6a-8e8f-55b7c1a67e90	-3	2026-03-29 07:26:42.520544	2026-03-29 07:26:42.520545
1ad23fe7-284a-4142-875d-d67367cb2794	ab96a558-9d88-47a5-94af-5659eb4ac7f8	b363f0b3-c0d7-4154-8ee3-e9073beb450e	0	2026-03-29 07:26:42.520546	2026-03-29 07:26:42.520547
49f45aab-d395-4139-97de-975c4d7ad791	ab96a558-9d88-47a5-94af-5659eb4ac7f8	6117e564-c34b-4928-8d79-67ef76a5b00f	0	2026-03-29 07:26:42.520548	2026-03-29 07:26:42.520549
669b6325-ad8e-41df-82d2-f4fe1f61d80d	ab96a558-9d88-47a5-94af-5659eb4ac7f8	60b72bbd-5839-4545-afc9-ae9d28d3ac8a	0	2026-03-29 07:26:42.52055	2026-03-29 07:26:42.520551
687f8992-af6c-493c-b6cf-8786b8e7ba2e	ab96a558-9d88-47a5-94af-5659eb4ac7f8	256ad840-c187-44d0-b0af-2c6d226102c8	-12	2026-03-29 07:26:42.520552	2026-03-29 07:26:42.520553
fe6e653c-0ca5-441d-937e-ed3577765157	ab96a558-9d88-47a5-94af-5659eb4ac7f8	e27005de-75b0-4c22-ab7f-be6fc3794245	0	2026-03-29 07:26:42.520554	2026-03-29 07:26:42.520555
c6194668-6b19-46b0-9779-b1ecd2b20836	ab96a558-9d88-47a5-94af-5659eb4ac7f8	5871213a-ed50-496b-bb7f-4f4c0267cc96	0	2026-03-29 07:26:42.520556	2026-03-29 07:26:42.520557
36864eec-46c1-4336-8ead-52073ab9adae	ab96a558-9d88-47a5-94af-5659eb4ac7f8	4cafa6a9-8ebd-49d9-93b7-b265b2a44f5b	40	2026-03-29 07:26:42.520558	2026-03-29 07:26:42.520559
4cf7d7ec-8853-4a9e-89f1-db25ca4e34f9	ab96a558-9d88-47a5-94af-5659eb4ac7f8	8c0dcc3a-1c14-45a5-81cc-37905b93c15e	39	2026-03-29 07:26:42.52056	2026-03-29 07:26:42.520561
7696556e-ee26-4314-bf2e-6bf7ee148025	ab96a558-9d88-47a5-94af-5659eb4ac7f8	b7a4871d-efb1-470a-a13f-16f776dda384	0	2026-03-29 07:26:42.520562	2026-03-29 07:26:42.520563
1a216804-f116-4c3f-981a-9b673dff325b	ab96a558-9d88-47a5-94af-5659eb4ac7f8	9a9e274d-1b97-44f0-ad36-7b3d4aca5020	57	2026-03-29 07:26:42.520564	2026-03-29 07:26:42.520565
65387463-f969-44b5-856d-1da6a406c69d	ab96a558-9d88-47a5-94af-5659eb4ac7f8	fac5071d-0d81-438a-8a7d-764d9d2ca2a9	0	2026-03-29 07:26:42.520566	2026-03-29 07:26:42.520567
3a168092-583b-4454-a6e4-f1b8d1c646f5	ab96a558-9d88-47a5-94af-5659eb4ac7f8	13e192a0-825e-4cf9-b2c8-032b97f8338d	25	2026-03-29 07:26:42.520568	2026-03-29 07:26:42.520569
3d6971f4-77c1-4c68-81cd-58cecf4edcce	ab96a558-9d88-47a5-94af-5659eb4ac7f8	9587be1d-a1b8-4777-afdb-a4104d0493c8	0	2026-03-29 07:26:42.52057	2026-03-29 07:26:42.52057
c4ce030f-4155-488d-8fe1-02c441f335ed	ab96a558-9d88-47a5-94af-5659eb4ac7f8	6b3f085f-66ee-431c-a90d-213f3b3240b3	19	2026-03-29 07:26:42.520571	2026-03-29 07:26:42.520572
04afe726-2ca1-4401-bcf9-651a086a4c45	ab96a558-9d88-47a5-94af-5659eb4ac7f8	2d79212e-3dfa-4b06-b994-fcc57140994c	0	2026-03-29 07:26:42.520573	2026-03-29 07:26:42.520574
cff462d2-8391-49e4-8b50-2fc9fcbba3e6	ab96a558-9d88-47a5-94af-5659eb4ac7f8	35d88f1b-b1b3-43ea-b003-9495970b5279	0	2026-03-29 07:26:42.520575	2026-03-29 07:26:42.520576
651dea67-e18a-491a-822b-3bb5c7aec103	ab96a558-9d88-47a5-94af-5659eb4ac7f8	2375097e-10d7-4951-86ac-123f58f2647c	0	2026-03-29 07:26:42.520577	2026-03-29 07:26:42.520578
78ae66ed-5eb3-410c-893a-d5b80f7cb59e	ab96a558-9d88-47a5-94af-5659eb4ac7f8	2c7f6870-03f6-4b86-b7eb-a6a566d2540f	104	2026-03-29 07:26:42.520579	2026-03-29 07:26:42.52058
87592b12-01c2-4397-838b-b1ab166f0014	ab96a558-9d88-47a5-94af-5659eb4ac7f8	150eb62f-87a8-4693-9255-dae87879c43c	0	2026-03-29 07:26:42.520581	2026-03-29 07:26:42.520582
e71c8697-b9e2-4e5a-9014-c1e42b0b7000	ab96a558-9d88-47a5-94af-5659eb4ac7f8	86a1c6f7-302a-4afc-bf12-46bdc68a9757	9	2026-03-29 07:26:42.520583	2026-03-29 07:26:42.520584
8dc85899-d2d7-4a97-b2e7-26de30dbc539	ab96a558-9d88-47a5-94af-5659eb4ac7f8	4888bb0e-5b9a-4d09-9319-b413885b2324	0	2026-03-29 07:26:42.520585	2026-03-29 07:26:42.520586
123b4f8a-993e-4dd9-b58c-959b7484971e	ab96a558-9d88-47a5-94af-5659eb4ac7f8	000748d4-b04c-4955-972d-909962374f5d	54	2026-03-29 07:26:42.520587	2026-03-29 07:26:42.520588
7f2c47fd-139a-4a6e-b526-942e8934c048	ab96a558-9d88-47a5-94af-5659eb4ac7f8	bf73c08a-e21a-45d6-8ec5-e06850c379d7	0	2026-03-29 07:26:42.520589	2026-03-29 07:26:42.520589
683c1f3f-3770-4a93-89f2-ceb6a4a5eb65	ab96a558-9d88-47a5-94af-5659eb4ac7f8	e33927a1-6896-41d4-9208-aed820e46f8c	46	2026-03-29 07:26:42.52059	2026-03-29 07:26:42.520591
8bdb1f57-e523-42ec-b349-15a2fdd36516	ab96a558-9d88-47a5-94af-5659eb4ac7f8	decda481-09a1-4ada-a62a-0fd1a387886f	-30	2026-03-29 07:26:42.520592	2026-03-29 07:26:42.520593
2e744db3-b327-4daa-9a47-dac216e0070d	ab96a558-9d88-47a5-94af-5659eb4ac7f8	02974c12-5c5c-4fe0-b4dd-10a7bed1b926	-28	2026-03-29 07:26:42.520594	2026-03-29 07:26:42.520595
f2d3abd1-bdc3-4479-b0a8-66b3490c6fe5	ab96a558-9d88-47a5-94af-5659eb4ac7f8	4f0379a7-7998-4568-b116-4297588b4bb3	28	2026-03-29 07:26:42.520596	2026-03-29 07:26:42.520597
3625fa0c-6f55-4c35-96c8-f9da134e1610	ab96a558-9d88-47a5-94af-5659eb4ac7f8	79bd4670-d190-4956-bc49-a18c2051d239	55	2026-03-29 07:26:42.520598	2026-03-29 07:26:42.520599
a11f359a-ded2-4771-8c0e-0be77f47c14d	ab96a558-9d88-47a5-94af-5659eb4ac7f8	ae3d5ba1-7a84-45cc-9771-1e33af8b928a	108	2026-03-29 07:26:42.5206	2026-03-29 07:26:42.520601
7efabf87-ba84-4534-8f91-aaf501e44cc6	ab96a558-9d88-47a5-94af-5659eb4ac7f8	3a845c6a-cd83-4011-8dcc-bd710401a20f	39	2026-03-29 07:26:42.520602	2026-03-29 07:26:42.520603
4679243e-de6c-4869-b9bb-55f570192876	ab96a558-9d88-47a5-94af-5659eb4ac7f8	c0d9f8ec-54b5-4cff-add9-45d94ec200ac	0	2026-03-29 07:26:42.520604	2026-03-29 07:26:42.520605
4f0d544f-a457-4ac2-b727-facbfaa93002	ab96a558-9d88-47a5-94af-5659eb4ac7f8	ed2bf9d2-206b-4c71-bd12-4185c48c835f	0	2026-03-29 07:26:42.520606	2026-03-29 07:26:42.520607
d589df63-8ee7-4adf-a37a-96335afd1bcb	ab96a558-9d88-47a5-94af-5659eb4ac7f8	4bc302eb-4a78-4b2f-a1af-4dc9156938a7	0	2026-03-29 07:26:42.520608	2026-03-29 07:26:42.520609
049cbe19-2ed1-4c5d-9651-e072b3aa0065	ab96a558-9d88-47a5-94af-5659eb4ac7f8	2b7124e1-fb51-40c6-99ae-85024355159f	1	2026-03-29 07:26:42.52061	2026-03-29 07:26:42.520611
c5c9d5dd-1df4-4564-9cd8-abaf8d9bd6fe	ab96a558-9d88-47a5-94af-5659eb4ac7f8	2b5941a4-d3c6-44c5-95d2-3c177fa81f4b	0	2026-03-29 07:26:42.520612	2026-03-29 07:26:42.520613
dda55d55-9aca-4dc7-a1ef-1ad85ce5ea36	ab96a558-9d88-47a5-94af-5659eb4ac7f8	6389c264-5aa4-4ca1-b2d7-a49a3e289626	0	2026-03-29 07:26:42.520614	2026-03-29 07:26:42.520614
099a3e5a-f757-457c-9a7a-832c5f55dc0a	ab96a558-9d88-47a5-94af-5659eb4ac7f8	8ec22f2b-e4cf-4389-9353-dbf3ad77e627	0	2026-03-29 07:26:42.520615	2026-03-29 07:26:42.520616
9cab6c6b-be97-4f0b-93b1-df78630f05c7	ab96a558-9d88-47a5-94af-5659eb4ac7f8	dbf56b68-46eb-4b84-a722-1f3cbb03600b	0	2026-03-29 07:26:42.520617	2026-03-29 07:26:42.520618
00a1621c-b052-44e5-aabc-535f04cdce71	ab96a558-9d88-47a5-94af-5659eb4ac7f8	74ca9921-b3a6-4cbb-b002-93eb3669999b	0	2026-03-29 07:26:42.520619	2026-03-29 07:26:42.52062
86ee7c4f-adb0-4b35-a629-0d530e0043b2	ab96a558-9d88-47a5-94af-5659eb4ac7f8	96c135ac-b0c7-4c6a-b198-e8adde3d95dc	11	2026-03-29 07:26:42.520621	2026-03-29 07:26:42.520627
c950144f-98cf-4788-aa39-c368b2a78a45	ab96a558-9d88-47a5-94af-5659eb4ac7f8	9afba308-817e-4959-958b-6db0708e1397	0	2026-03-29 07:26:42.520628	2026-03-29 07:26:42.520629
d1ba342c-daab-4aa7-8b81-eacfe450099f	ab96a558-9d88-47a5-94af-5659eb4ac7f8	ac52515b-f97a-4880-bcf4-e8e7d0a60c38	0	2026-03-29 07:26:42.52063	2026-03-29 07:26:42.520631
df9a72d5-c7a2-4e15-b07d-7fba335cb2ca	ab96a558-9d88-47a5-94af-5659eb4ac7f8	72de27c6-947c-4108-a172-6a2757ec876d	13	2026-03-29 07:26:42.520632	2026-03-29 07:26:42.520633
4b8d257a-a2b5-42e2-839f-f1c17a1f07e0	ab96a558-9d88-47a5-94af-5659eb4ac7f8	24cffd11-b453-452c-951f-5164318b8259	0	2026-03-29 07:26:42.520634	2026-03-29 07:26:42.520635
1d0d040b-f24e-43c9-90bf-5e0a688900bb	a86410fa-d381-4ce9-a522-2b632581c44c	3f0b3c54-8813-4718-b362-9ce3bd2e18d2	90	2026-03-29 21:22:23.489181	2026-03-29 21:22:23.489185
b07f54e0-c8a8-4424-9e95-0b8855510343	a86410fa-d381-4ce9-a522-2b632581c44c	4afcc8bf-2d9f-409c-bc6a-9dbf11e8e04a	0	2026-03-29 21:22:23.489188	2026-03-29 21:22:23.489189
0ab52c64-1612-40b0-9418-bcdbbde753c0	a86410fa-d381-4ce9-a522-2b632581c44c	65b745a0-2c15-4567-a53e-937880bff4fc	71	2026-03-29 21:22:23.489191	2026-03-29 21:22:23.489193
c1457ea7-963a-465d-a376-063654e23bae	a86410fa-d381-4ce9-a522-2b632581c44c	431bca77-b6a3-4404-8daf-ba2b44e638ea	20	2026-03-29 21:22:23.489195	2026-03-29 21:22:23.489197
08f36828-cfd8-4d7b-85b6-6c21bb5d9c3d	a86410fa-d381-4ce9-a522-2b632581c44c	ff8c47b7-3686-466c-83ad-b04acf407253	0	2026-03-29 21:22:23.489199	2026-03-29 21:22:23.4892
4e5a0dc9-0884-4407-bec6-9e2a539c11f5	a86410fa-d381-4ce9-a522-2b632581c44c	570bed4a-ba80-4ba0-b02e-7a414ed4a119	21	2026-03-29 21:22:23.489202	2026-03-29 21:22:23.489204
e27b0209-21b5-454b-8b00-58c0d9aaa903	a86410fa-d381-4ce9-a522-2b632581c44c	2e3e071e-1c7e-422c-804b-9ee164ed41ab	0	2026-03-29 21:22:23.489206	2026-03-29 21:22:23.489208
2a0ea558-b2be-4f04-9451-610a0d64e2ad	a86410fa-d381-4ce9-a522-2b632581c44c	29159df2-ab95-4a95-8ad9-e100b2c76b4a	47	2026-03-29 21:22:23.489209	2026-03-29 21:22:23.489211
aa39cbe6-5503-4b2b-9d6b-6ccdf6623920	a86410fa-d381-4ce9-a522-2b632581c44c	d7a09844-884a-4a23-9a84-5c5b9e4891b7	0	2026-03-29 21:22:23.489213	2026-03-29 21:22:23.489215
ba1cf66f-d467-4565-9781-1dfb74f33538	a86410fa-d381-4ce9-a522-2b632581c44c	e67070c3-922b-4502-9bdb-4df44e806d21	25	2026-03-29 21:22:23.489217	2026-03-29 21:22:23.489218
c00170b2-94c2-4384-8906-9311ac276224	a86410fa-d381-4ce9-a522-2b632581c44c	2d792110-8dec-4e00-b361-0e60c9144bab	0	2026-03-29 21:22:23.48922	2026-03-29 21:22:23.489222
328e8d1a-ed27-483a-85ec-501885560b53	a86410fa-d381-4ce9-a522-2b632581c44c	c90f1e86-22ea-4547-8211-22135129a4cc	0	2026-03-29 21:22:23.489223	2026-03-29 21:22:23.489225
086f06eb-6eac-4add-8fe2-2310aa9da95c	a86410fa-d381-4ce9-a522-2b632581c44c	84971733-0ef9-4db5-bca4-5a1db0e1fcbf	0	2026-03-29 21:22:23.489226	2026-03-29 21:22:23.489228
8fb914b2-027f-4072-b979-60464743bfcf	a86410fa-d381-4ce9-a522-2b632581c44c	4ed7d612-d1b2-4fef-8b6c-ac91387adf06	0	2026-03-29 21:22:23.48923	2026-03-29 21:22:23.489231
4ee3cc62-a45c-4c65-9e47-1b618662efea	a86410fa-d381-4ce9-a522-2b632581c44c	957e5852-4217-4b82-af42-a16fa8815b58	0	2026-03-29 21:22:23.489233	2026-03-29 21:22:23.489234
2a2801bf-145c-438a-846b-92d212299ce4	a86410fa-d381-4ce9-a522-2b632581c44c	9f5a7490-e5ab-4a93-a29e-aef4f634feb7	4	2026-03-29 21:22:23.489236	2026-03-29 21:22:23.489238
d3d0c46a-df23-4470-99a0-71af47bb91b9	a86410fa-d381-4ce9-a522-2b632581c44c	e7f89cbd-260c-4995-b0df-5b0a4763b2df	47	2026-03-29 21:22:23.489239	2026-03-29 21:22:23.489241
76364f46-5663-41c6-98f8-487b2a5d669f	a86410fa-d381-4ce9-a522-2b632581c44c	de8e1a67-282f-453d-b3b6-2b5a13888cad	0	2026-03-29 21:22:23.489243	2026-03-29 21:22:23.489244
5c0ce5c7-1986-4006-8e1c-b41ee378649e	a86410fa-d381-4ce9-a522-2b632581c44c	c9e73ce4-4241-45f9-9253-c0487f113b65	0	2026-03-29 21:22:23.489246	2026-03-29 21:22:23.489248
721f33f9-b5a0-4c76-a877-b1d69e4aff2d	a86410fa-d381-4ce9-a522-2b632581c44c	8aa42e8b-d462-495b-acc2-0810b11b5eba	25	2026-03-29 21:22:23.48925	2026-03-29 21:22:23.489252
4045c08e-b690-4885-ad58-b7af11171b80	a86410fa-d381-4ce9-a522-2b632581c44c	a5cbdc47-45e8-44f3-b50c-9fa6e4e1311b	0	2026-03-29 21:22:23.489253	2026-03-29 21:22:23.489255
aef0d3e8-d0f7-4a7b-b7cc-b7c1d3041f6e	a86410fa-d381-4ce9-a522-2b632581c44c	4408bb66-01f5-4d16-956d-dd85c498b36f	0	2026-03-29 21:22:23.489257	2026-03-29 21:22:23.489259
73912506-39a0-499e-b12f-dfb0bfd84ae7	a86410fa-d381-4ce9-a522-2b632581c44c	bc1dcb1a-f218-4af8-b61d-d2e0c567c2d5	0	2026-03-29 21:22:23.48926	2026-03-29 21:22:23.489262
9f11b201-bec7-4491-a759-b40de1e18db2	a86410fa-d381-4ce9-a522-2b632581c44c	77d338f9-c921-428d-aea8-76d2131236f8	15	2026-03-29 21:22:23.489264	2026-03-29 21:22:23.489266
f821ca24-7e92-4f0b-90c8-5a45861ee5be	a86410fa-d381-4ce9-a522-2b632581c44c	19f71994-7103-438f-bee8-5ab14f5b20d3	0	2026-03-29 21:22:23.489268	2026-03-29 21:22:23.48927
e84f2217-58bf-42b1-98a7-06996e4fbec2	a86410fa-d381-4ce9-a522-2b632581c44c	5f720f8d-b355-4cf7-9e13-594f189422ec	-10	2026-03-29 21:22:23.489272	2026-03-29 21:22:23.489273
da71a1ff-f6d9-4e7d-b1ea-7808e4baac7e	a86410fa-d381-4ce9-a522-2b632581c44c	778a9404-47c7-4a02-8abe-24d1223c3203	0	2026-03-29 21:22:23.489275	2026-03-29 21:22:23.489276
2fb1eb81-b54e-474b-8155-961dc29a3049	a86410fa-d381-4ce9-a522-2b632581c44c	35e24301-759f-4f4d-a86a-5014a25a25eb	0	2026-03-29 21:22:23.489278	2026-03-29 21:22:23.48928
03385c79-46f8-472d-baec-8b8ebf36bac5	a86410fa-d381-4ce9-a522-2b632581c44c	8bcc680a-5e65-4fe4-88c8-21124bbbc6bf	0	2026-03-29 21:22:23.489281	2026-03-29 21:22:23.489283
2e54a5fe-c45b-4cb7-92d2-d1d546012eca	a86410fa-d381-4ce9-a522-2b632581c44c	0a929ae7-60a2-41cc-9e08-00f2d407ea2c	0	2026-03-29 21:22:23.489284	2026-03-29 21:22:23.489286
817f49b9-6acc-4c79-a8ef-a33876361430	a86410fa-d381-4ce9-a522-2b632581c44c	91e0bc15-85e4-43ae-8f34-c70e7a92a3ad	0	2026-03-29 21:22:23.489287	2026-03-29 21:22:23.489289
5d8c92ea-3609-42eb-a99e-242a0956fe08	a86410fa-d381-4ce9-a522-2b632581c44c	0d212cbf-d27e-4733-bb5d-f642aafe65cf	46	2026-03-29 21:22:23.48929	2026-03-29 21:22:23.489292
b0585016-5e1c-4b52-a380-0f256a1ade05	a86410fa-d381-4ce9-a522-2b632581c44c	b6874254-7723-41fb-bb7e-4801f45b7809	0	2026-03-29 21:22:23.489294	2026-03-29 21:22:23.489295
a619910d-ff8b-4a62-bf2d-26b6311d6dc4	a86410fa-d381-4ce9-a522-2b632581c44c	7007d5b2-a3e0-4c01-bf22-1c88bd7ea80e	0	2026-03-29 21:22:23.489297	2026-03-29 21:22:23.489298
36f88b9a-93d3-4264-81dc-792cfb437887	a86410fa-d381-4ce9-a522-2b632581c44c	f35fef1f-a2f9-4f7e-8e45-6b9496b1e412	0	2026-03-29 21:22:23.4893	2026-03-29 21:22:23.489301
58eab3e4-1815-4f49-a5cb-f690fb88dc20	a86410fa-d381-4ce9-a522-2b632581c44c	31c8e127-032c-44b3-9bc3-c60e5362336b	0	2026-03-29 21:22:23.489308	2026-03-29 21:22:23.489309
2242503d-c969-45c9-873d-f2a073bd958a	a86410fa-d381-4ce9-a522-2b632581c44c	97ad8458-a31b-43bd-a47a-89943e5caa66	0	2026-03-29 21:22:23.489311	2026-03-29 21:22:23.489313
05845f7d-cd73-4b13-8e45-8936f63c0955	a86410fa-d381-4ce9-a522-2b632581c44c	12861955-4b71-4262-9358-0b8cd92a21e1	6	2026-03-29 21:22:23.489315	2026-03-29 21:22:23.489316
98549008-963b-41cd-99b2-07828914449d	a86410fa-d381-4ce9-a522-2b632581c44c	2a69e6ec-4d5d-4407-abea-fd52b36c2248	0	2026-03-29 21:22:23.489318	2026-03-29 21:22:23.48932
305149b3-498f-4b9e-891e-a14870434cbb	a86410fa-d381-4ce9-a522-2b632581c44c	ecd9c797-f257-4417-ab2b-91ecaf1c971a	0	2026-03-29 21:22:23.489322	2026-03-29 21:22:23.489323
6977ca98-15fc-4fb1-8765-60c3f7f3c469	a86410fa-d381-4ce9-a522-2b632581c44c	d2004e60-370a-436c-9325-78652a63b668	0	2026-03-29 21:22:23.489325	2026-03-29 21:22:23.489327
a05e8a9c-e9fd-4b53-9b00-8aca2fa28202	a86410fa-d381-4ce9-a522-2b632581c44c	2a67ec18-fd74-4731-910f-5f7ab2b0b96b	0	2026-03-29 21:22:23.489329	2026-03-29 21:22:23.489331
c0cb835c-74a6-45b3-97ff-59467502a130	a86410fa-d381-4ce9-a522-2b632581c44c	8a04b605-57e4-4cd9-b9ad-7940a29d87fc	106	2026-03-29 21:22:23.489332	2026-03-29 21:22:23.489334
8f70607f-95bc-454d-92e7-ab6305352a1b	a86410fa-d381-4ce9-a522-2b632581c44c	a3b2c87a-ffec-4e2e-bca9-a83b8c0ddbe2	111	2026-03-29 21:22:23.489335	2026-03-29 21:22:23.489337
48493aef-54a1-481a-8793-dbc4b16012e9	a86410fa-d381-4ce9-a522-2b632581c44c	37e51aae-3895-4004-8e18-c3eceae5b0e9	85	2026-03-29 21:22:23.489338	2026-03-29 21:22:23.48934
115a3e07-5379-42da-9069-48e2d32dbd24	a86410fa-d381-4ce9-a522-2b632581c44c	7c28fe6d-01ee-4649-a67c-59d76991b642	10	2026-03-29 21:22:23.489341	2026-03-29 21:22:23.489343
78c0a6ac-4abc-4c49-b11d-65c7c7b4f73f	a86410fa-d381-4ce9-a522-2b632581c44c	dced2512-2bdd-4662-b17c-d4166bfe98d7	19	2026-03-29 21:22:23.489344	2026-03-29 21:22:23.489346
0a4cde12-a421-4eb6-b98a-8caa204d9d7c	a86410fa-d381-4ce9-a522-2b632581c44c	fd647c42-624b-4637-93b8-c30cf2a73ac4	44	2026-03-29 21:22:23.489348	2026-03-29 21:22:23.489349
f0094b64-5f26-4b21-82b5-9436aee07a5d	a86410fa-d381-4ce9-a522-2b632581c44c	af6e0592-fc5c-4515-a487-10a23baff184	0	2026-03-29 21:22:23.489351	2026-03-29 21:22:23.489352
b58b6877-e283-4e55-9c22-984a5b866cf1	a86410fa-d381-4ce9-a522-2b632581c44c	8003f35f-4d60-48fe-8f55-dfcfacf6157e	0	2026-03-29 21:22:23.489354	2026-03-29 21:22:23.489355
1458af95-ddeb-417e-ae7c-1f31d892b741	77c2374d-1fc7-4fef-93f4-6af2d7ed345b	7cbf160c-0a11-4a7f-b3f4-38d3519b4183	0	2026-03-30 21:01:53.798608	2026-03-30 21:01:53.798613
ff761e60-9d0b-42ec-b00e-114827e8f752	77c2374d-1fc7-4fef-93f4-6af2d7ed345b	90007fb1-86eb-4b94-b40d-17010d866b3c	0	2026-03-30 21:01:53.798615	2026-03-30 21:01:53.798616
58884bcf-94cd-4e18-b23e-101bc7a5c5a6	77c2374d-1fc7-4fef-93f4-6af2d7ed345b	991e86eb-648a-4bc1-90e2-01ebce875a00	58	2026-03-30 21:01:53.798617	2026-03-30 21:01:53.798618
30715962-44cd-4b5c-b5b0-7425b9b4a570	77c2374d-1fc7-4fef-93f4-6af2d7ed345b	efa56ea0-57e7-4386-be75-72debbf32185	-3	2026-03-30 21:01:53.798619	2026-03-30 21:01:53.79862
07936a3c-32e6-4d36-b18c-13ba61a45833	77c2374d-1fc7-4fef-93f4-6af2d7ed345b	5d6fa87e-094b-4882-85f1-93d1bf6d0934	0	2026-03-30 21:01:53.798622	2026-03-30 21:01:53.798624
cb3bb059-9371-4df8-9bd9-0aaf66f1bcae	77c2374d-1fc7-4fef-93f4-6af2d7ed345b	05e50d7d-d416-4ccb-816d-29feccd34089	0	2026-03-30 21:01:53.798626	2026-03-30 21:01:53.798628
974655a9-ad5b-406a-b6de-1a50247fc7b7	77c2374d-1fc7-4fef-93f4-6af2d7ed345b	3e20ca0d-dc95-4a9f-b50f-ac1216ba791d	49	2026-03-30 21:01:53.798631	2026-03-30 21:01:53.798632
dee1a339-0da4-4371-ae00-0bbd77fcf21a	77c2374d-1fc7-4fef-93f4-6af2d7ed345b	d7684960-0c8f-4f0d-85a0-1e45d258a002	20	2026-03-30 21:01:53.798634	2026-03-30 21:01:53.798636
9bcd2231-561d-4a14-bc43-1ca49a7bf5cb	77c2374d-1fc7-4fef-93f4-6af2d7ed345b	6adab827-1af0-4e12-a17b-d2728b9c5d55	10	2026-03-30 21:01:53.798639	2026-03-30 21:01:53.798641
cd4aeacb-0c24-4f66-80c1-9ef7517ca891	77c2374d-1fc7-4fef-93f4-6af2d7ed345b	cd86a687-deb2-4fd3-84ba-1b4ff3acc117	-4	2026-03-30 21:01:53.798643	2026-03-30 21:01:53.798645
19e86b15-0d0a-4be0-9b6f-8c8b10035ee2	77c2374d-1fc7-4fef-93f4-6af2d7ed345b	d03d47a8-1008-4c3f-8bac-5aa69137e06c	2	2026-03-30 21:01:53.798647	2026-03-30 21:01:53.798648
ab45714f-d407-4ec3-8989-31b4672f92d5	77c2374d-1fc7-4fef-93f4-6af2d7ed345b	afef1a75-fde6-4bb2-93ee-77766b786808	0	2026-03-30 21:01:53.798649	2026-03-30 21:01:53.79865
170a3745-1326-470e-81b6-c9a66a5e4eb2	77c2374d-1fc7-4fef-93f4-6af2d7ed345b	2f080406-18d5-4c38-8736-e4abff0dbcd8	0	2026-03-30 21:01:53.798651	2026-03-30 21:01:53.798652
4f4ea9da-33dc-422a-832c-ef7a8512269e	77c2374d-1fc7-4fef-93f4-6af2d7ed345b	d28a53cd-c74f-491c-8c4d-358848912948	1	2026-03-30 21:01:53.798653	2026-03-30 21:01:53.798654
170c10be-6c63-416e-ac44-c01517e7a9d1	77c2374d-1fc7-4fef-93f4-6af2d7ed345b	edaf4aed-5f45-461e-98a6-3762788c3d86	0	2026-03-30 21:01:53.798655	2026-03-30 21:01:53.798655
f4c1eb18-bc18-4cc5-92d9-23aa8634cf24	77c2374d-1fc7-4fef-93f4-6af2d7ed345b	f1b0c7ec-eb2f-4b67-92e3-dcc604abf04e	0	2026-03-30 21:01:53.798656	2026-03-30 21:01:53.798657
458127b4-a6b8-4d14-bf59-ee7c89c48a34	77c2374d-1fc7-4fef-93f4-6af2d7ed345b	3c89da23-a679-44ef-9440-f48b16c71dfd	0	2026-03-30 21:01:53.798658	2026-03-30 21:01:53.798659
17a94bad-eb11-410e-a66a-d5468a0d495d	77c2374d-1fc7-4fef-93f4-6af2d7ed345b	1dffcb3c-053d-4842-986c-6e163d89f804	7	2026-03-30 21:01:53.79866	2026-03-30 21:01:53.798661
c0d631f4-3624-40a8-9e5b-3b725440d217	77c2374d-1fc7-4fef-93f4-6af2d7ed345b	b5110f41-abb7-4653-915b-96a4b9fd49c9	7	2026-03-30 21:01:53.798662	2026-03-30 21:01:53.798663
08907a22-ff4c-44f0-bf81-897c929a9606	77c2374d-1fc7-4fef-93f4-6af2d7ed345b	417f3324-70eb-4046-b9dc-5eafd1014baf	31	2026-03-30 21:01:53.798664	2026-03-30 21:01:53.798665
e1d3f419-5ab4-49d8-9c29-3e353f4c162c	77c2374d-1fc7-4fef-93f4-6af2d7ed345b	6d165bea-2f93-4c99-94a9-3de674d6c211	8	2026-03-30 21:01:53.798666	2026-03-30 21:01:53.798667
d6d0c17e-6c49-44d8-921f-dd34d33848b1	77c2374d-1fc7-4fef-93f4-6af2d7ed345b	48f92514-c0e2-4aaa-a4e5-8643114f3ad4	0	2026-03-30 21:01:53.798668	2026-03-30 21:01:53.798669
15e267ca-b934-42cd-a04c-d2e991b45259	77c2374d-1fc7-4fef-93f4-6af2d7ed345b	9f41477e-3119-4b44-990d-ae0bf88513de	0	2026-03-30 21:01:53.79867	2026-03-30 21:01:53.798671
a067de6f-65a9-47c7-9a8e-1236ab1d7b7f	77c2374d-1fc7-4fef-93f4-6af2d7ed345b	d7f92bc5-87dc-4a0a-965f-0e014d909ce6	0	2026-03-30 21:01:53.798672	2026-03-30 21:01:53.798673
8e6b9baf-b8cf-4a1d-ac29-ceb6bb18f56b	77c2374d-1fc7-4fef-93f4-6af2d7ed345b	a1a9bf3a-6d41-4f41-b853-2040b1cca7a6	0	2026-03-30 21:01:53.798674	2026-03-30 21:01:53.798675
f423000b-ec67-4e9e-acca-1861b4ad6a07	77c2374d-1fc7-4fef-93f4-6af2d7ed345b	27388367-0ec3-4979-be75-f9b8682c8303	0	2026-03-30 21:01:53.798676	2026-03-30 21:01:53.798677
398f8a76-b76c-425e-a4c6-c9fcb1762e26	77c2374d-1fc7-4fef-93f4-6af2d7ed345b	f2714be9-5ad4-4a7a-ba09-ac4bbbaa699c	35	2026-03-30 21:01:53.798678	2026-03-30 21:01:53.798679
517ccf91-d7b6-4f6a-9b64-967d83f10075	77c2374d-1fc7-4fef-93f4-6af2d7ed345b	37ac1b02-dd2d-40aa-8cd6-e729b0e391ac	52	2026-03-30 21:01:53.79868	2026-03-30 21:01:53.798681
0e81fa5c-48aa-4ed3-9cc3-eaa0a42b85de	77c2374d-1fc7-4fef-93f4-6af2d7ed345b	4f6e10b1-9db6-4498-8391-d00f2d42a2a4	0	2026-03-30 21:01:53.798682	2026-03-30 21:01:53.798683
145450d4-0033-40b2-a242-9431fe34e09a	77c2374d-1fc7-4fef-93f4-6af2d7ed345b	2019be20-2d1b-45a4-91fb-68cce6ac13dd	60	2026-03-30 21:01:53.798684	2026-03-30 21:01:53.798685
16ae276b-ba72-4676-a88e-cd1e90c77dc7	77c2374d-1fc7-4fef-93f4-6af2d7ed345b	82e5d058-ac16-4613-888b-3ab4136b7cf1	0	2026-03-30 21:01:53.798686	2026-03-30 21:01:53.798687
0a1e438f-1929-4783-bc8f-ff598a394073	77c2374d-1fc7-4fef-93f4-6af2d7ed345b	9170a731-7b59-478b-9d55-9c06bc41e22c	0	2026-03-30 21:01:53.798688	2026-03-30 21:01:53.798689
89c6bfda-c364-4a14-8be7-aa6a185f1938	77c2374d-1fc7-4fef-93f4-6af2d7ed345b	db2b24cb-1911-44f7-9a03-62fc56839d13	0	2026-03-30 21:01:53.79869	2026-03-30 21:01:53.798691
1680234c-99ec-4dab-b8bc-35d6e785a6b5	77c2374d-1fc7-4fef-93f4-6af2d7ed345b	f40f3ec6-4cd0-4cba-b61d-c71beaa5414f	50	2026-03-30 21:01:53.798692	2026-03-30 21:01:53.798693
e5eb8153-da53-4197-a90d-d02fae3433db	77c2374d-1fc7-4fef-93f4-6af2d7ed345b	0befddc3-deb0-4db6-86c0-343ba53c8d23	55	2026-03-30 21:01:53.798694	2026-03-30 21:01:53.798695
df014f76-d4b8-475d-a24a-20da90551552	77c2374d-1fc7-4fef-93f4-6af2d7ed345b	810ec55e-baeb-46ed-8165-81084dda46ba	50	2026-03-30 21:01:53.798696	2026-03-30 21:01:53.798697
05953386-dd23-4fcb-aa5d-2e2e5a4c9d36	77c2374d-1fc7-4fef-93f4-6af2d7ed345b	6a13577d-3f5a-4af7-8ab2-8191a0b3d4c2	0	2026-03-30 21:01:53.798698	2026-03-30 21:01:53.798698
372107f0-dddf-4342-92cc-75d6fac91de0	77c2374d-1fc7-4fef-93f4-6af2d7ed345b	7cc082a6-411a-4581-a477-c571f6e65550	17	2026-03-30 21:01:53.7987	2026-03-30 21:01:53.7987
396fe4be-72ec-42ea-aca8-1caab0337a20	77c2374d-1fc7-4fef-93f4-6af2d7ed345b	b158df80-4458-4c70-9378-5cba64961fe6	25	2026-03-30 21:01:53.798701	2026-03-30 21:01:53.798702
fc1249f3-2356-46f1-97ec-e00839c9d36c	77c2374d-1fc7-4fef-93f4-6af2d7ed345b	938a6ddc-83ab-449a-8811-12e3b5bf2591	10	2026-03-30 21:01:53.798703	2026-03-30 21:01:53.798704
fcc29f56-2bd9-4633-9d13-df5ae149f3ce	77c2374d-1fc7-4fef-93f4-6af2d7ed345b	b2a94b65-d12f-4f29-a734-ce0d8fed40ba	0	2026-03-30 21:01:53.798705	2026-03-30 21:01:53.798706
9dd2e360-1bae-43bc-893c-23eb64a9a7be	77c2374d-1fc7-4fef-93f4-6af2d7ed345b	232fc833-1779-45d2-ac90-34bb48d0d44d	0	2026-03-30 21:01:53.798708	2026-03-30 21:01:53.79871
4d4213b5-e124-44c1-83c1-80689d830cbc	77c2374d-1fc7-4fef-93f4-6af2d7ed345b	c2d88b72-b73b-42db-a7e2-4dc21179d828	0	2026-03-30 21:01:53.798712	2026-03-30 21:01:53.798714
c7028997-d3f6-4131-9468-5b64b94c5a49	77c2374d-1fc7-4fef-93f4-6af2d7ed345b	8806a5d0-3968-479d-ae6d-fac00895b382	76	2026-03-30 21:01:53.798716	2026-03-30 21:01:53.798718
6d96f899-2090-4242-9e84-887c28a2b076	77c2374d-1fc7-4fef-93f4-6af2d7ed345b	ae3d970d-67ca-4c04-b502-02b7115e302e	0	2026-03-30 21:01:53.79872	2026-03-30 21:01:53.798722
b945e006-290d-418a-93b9-289d3e92877c	77c2374d-1fc7-4fef-93f4-6af2d7ed345b	4229ad29-e7b5-4717-9dd7-9a7eccdadeb6	53	2026-03-30 21:01:53.798725	2026-03-30 21:01:53.798726
2b3f3826-3889-4fed-85da-6f34075e5e57	77c2374d-1fc7-4fef-93f4-6af2d7ed345b	267aa15d-86c8-4f9e-b671-ab56afba0d83	0	2026-03-30 21:01:53.798728	2026-03-30 21:01:53.79873
9da86e7a-61b9-4add-a9e8-0f064764af93	77c2374d-1fc7-4fef-93f4-6af2d7ed345b	2ba641d1-2339-4b82-9286-7398edefd0bc	0	2026-03-30 21:01:53.798732	2026-03-30 21:01:53.798734
52052f83-526d-4e89-aa1a-b5371af01e4b	c32258ef-fc15-429f-85c6-91512562badd	7cbf160c-0a11-4a7f-b3f4-38d3519b4183	0	2026-04-03 18:33:44.354937	2026-04-03 18:33:44.354943
afb2eb78-b1e6-42b2-bea6-730a89d7f1e1	c32258ef-fc15-429f-85c6-91512562badd	90007fb1-86eb-4b94-b40d-17010d866b3c	0	2026-04-03 18:33:44.354945	2026-04-03 18:33:44.354947
cccbe8c8-2f80-4402-9006-23afc9793e6f	c32258ef-fc15-429f-85c6-91512562badd	991e86eb-648a-4bc1-90e2-01ebce875a00	40	2026-04-03 18:33:44.354949	2026-04-03 18:33:44.35495
9f92a326-399a-434c-9fe5-9e23c61c5ae6	c32258ef-fc15-429f-85c6-91512562badd	efa56ea0-57e7-4386-be75-72debbf32185	100	2026-04-03 18:33:44.354952	2026-04-03 18:33:44.354954
1bb58516-8b36-4494-8607-dd2a6c4e0c64	c32258ef-fc15-429f-85c6-91512562badd	5d6fa87e-094b-4882-85f1-93d1bf6d0934	0	2026-04-03 18:33:44.354956	2026-04-03 18:33:44.354957
45f4693a-4925-4fe9-a0d1-878cbc30f19e	c32258ef-fc15-429f-85c6-91512562badd	05e50d7d-d416-4ccb-816d-29feccd34089	0	2026-04-03 18:33:44.354959	2026-04-03 18:33:44.354961
714aa79e-77b0-4843-acd7-1d2d208b15e9	c32258ef-fc15-429f-85c6-91512562badd	3e20ca0d-dc95-4a9f-b50f-ac1216ba791d	0	2026-04-03 18:33:44.354962	2026-04-03 18:33:44.354964
284829d5-2e70-4bdc-8a65-4f40f854dd92	c32258ef-fc15-429f-85c6-91512562badd	d7684960-0c8f-4f0d-85a0-1e45d258a002	1	2026-04-03 18:33:44.354966	2026-04-03 18:33:44.354967
bb773025-0514-48e2-bd4a-53de9e5e1ba7	c32258ef-fc15-429f-85c6-91512562badd	6adab827-1af0-4e12-a17b-d2728b9c5d55	0	2026-04-03 18:33:44.354969	2026-04-03 18:33:44.354971
fdf167a3-71df-4910-a85b-1ceb46653685	c32258ef-fc15-429f-85c6-91512562badd	cd86a687-deb2-4fd3-84ba-1b4ff3acc117	40	2026-04-03 18:33:44.354972	2026-04-03 18:33:44.354974
fc437f72-761a-4c8c-ad35-fb48294ecc2e	c32258ef-fc15-429f-85c6-91512562badd	d03d47a8-1008-4c3f-8bac-5aa69137e06c	0	2026-04-03 18:33:44.354976	2026-04-03 18:33:44.354977
46311d53-c277-4413-b664-8f2ce569f9c5	c32258ef-fc15-429f-85c6-91512562badd	afef1a75-fde6-4bb2-93ee-77766b786808	0	2026-04-03 18:33:44.354979	2026-04-03 18:33:44.354981
0cc55e20-c445-4d1f-a00a-cf89380057e4	c32258ef-fc15-429f-85c6-91512562badd	2f080406-18d5-4c38-8736-e4abff0dbcd8	0	2026-04-03 18:33:44.354982	2026-04-03 18:33:44.354984
0aa87d67-a5cf-46d0-a5d9-52e06e80f333	c32258ef-fc15-429f-85c6-91512562badd	d28a53cd-c74f-491c-8c4d-358848912948	0	2026-04-03 18:33:44.354985	2026-04-03 18:33:44.354987
6c63f59d-4c23-4092-87d9-d36642e2d3f5	c32258ef-fc15-429f-85c6-91512562badd	edaf4aed-5f45-461e-98a6-3762788c3d86	8	2026-04-03 18:33:44.354989	2026-04-03 18:33:44.35499
67933d7e-6343-4b2c-b679-6ed2453be6a5	c32258ef-fc15-429f-85c6-91512562badd	f1b0c7ec-eb2f-4b67-92e3-dcc604abf04e	0	2026-04-03 18:33:44.354992	2026-04-03 18:33:44.354993
b91bca83-5bb3-4f81-9283-96b99603cae5	c32258ef-fc15-429f-85c6-91512562badd	3c89da23-a679-44ef-9440-f48b16c71dfd	0	2026-04-03 18:33:44.354995	2026-04-03 18:33:44.354997
4d07aa90-6ad9-440a-856a-b65f0dab54c8	c32258ef-fc15-429f-85c6-91512562badd	1dffcb3c-053d-4842-986c-6e163d89f804	43	2026-04-03 18:33:44.354998	2026-04-03 18:33:44.355
ed81ac33-d444-4852-960f-697797776f3e	c32258ef-fc15-429f-85c6-91512562badd	b5110f41-abb7-4653-915b-96a4b9fd49c9	8	2026-04-03 18:33:44.355002	2026-04-03 18:33:44.355003
8ec86675-7e2f-4443-84dd-9622975b33e2	c32258ef-fc15-429f-85c6-91512562badd	417f3324-70eb-4046-b9dc-5eafd1014baf	45	2026-04-03 18:33:44.355005	2026-04-03 18:33:44.355006
0b003763-5f1e-4d42-8d02-de6d2c669b4a	c32258ef-fc15-429f-85c6-91512562badd	6d165bea-2f93-4c99-94a9-3de674d6c211	52	2026-04-03 18:33:44.355008	2026-04-03 18:33:44.35501
b009d994-16df-4f52-84f6-ce6e8c329413	c32258ef-fc15-429f-85c6-91512562badd	48f92514-c0e2-4aaa-a4e5-8643114f3ad4	0	2026-04-03 18:33:44.355011	2026-04-03 18:33:44.355013
42e58c1f-dcd5-4f19-b347-3061ee124b46	c32258ef-fc15-429f-85c6-91512562badd	9f41477e-3119-4b44-990d-ae0bf88513de	0	2026-04-03 18:33:44.355015	2026-04-03 18:33:44.355016
75233e14-f235-422b-8a87-1b7f0f9f7acd	c32258ef-fc15-429f-85c6-91512562badd	d7f92bc5-87dc-4a0a-965f-0e014d909ce6	0	2026-04-03 18:33:44.355018	2026-04-03 18:33:44.355019
fe268365-0324-4dc3-933a-8025f5b77ff4	c32258ef-fc15-429f-85c6-91512562badd	36f3fc16-cc18-4a6a-88f4-27e23dcca8ea	0	2026-04-03 18:33:44.355021	2026-04-03 18:33:44.355023
312d0d65-fd25-4425-9b31-de85f035f0b2	c32258ef-fc15-429f-85c6-91512562badd	30d5d999-0385-4d76-9545-c1f1f89f4b40	0	2026-04-03 18:33:44.355024	2026-04-03 18:33:44.355026
9a4f43c3-5ff5-4224-b032-970bc60f29ce	c32258ef-fc15-429f-85c6-91512562badd	97c9d396-a7d3-4a8e-8156-6a08eea15289	0	2026-04-03 18:33:44.355028	2026-04-03 18:33:44.355029
f4c52bff-b071-4fb0-8e39-4e851e349c9a	c32258ef-fc15-429f-85c6-91512562badd	b3f263ee-7958-437b-baad-cb25ea712fad	39	2026-04-03 18:33:44.355031	2026-04-03 18:33:44.355032
41ab8c3a-8d9d-4903-8183-6261f349e3e9	c32258ef-fc15-429f-85c6-91512562badd	47985b40-6553-404a-bd18-2da1abd44025	0	2026-04-03 18:33:44.355034	2026-04-03 18:33:44.355036
1decbfd0-d230-4789-8c28-a2e088ff129e	c32258ef-fc15-429f-85c6-91512562badd	13d37263-cd8e-4a2a-b910-a222c3d9632d	0	2026-04-03 18:33:44.355037	2026-04-03 18:33:44.355039
a79d55d6-e5e3-4104-bebd-7a317105db40	c32258ef-fc15-429f-85c6-91512562badd	27309e82-d534-4d1c-9eb3-a700b986d5ae	0	2026-04-03 18:33:44.35504	2026-04-03 18:33:44.355042
610960aa-1518-47b8-b85d-985d3e6dd741	c32258ef-fc15-429f-85c6-91512562badd	55dd72b4-ff29-4ba6-a8f5-f109cd512712	25	2026-04-03 18:33:44.355044	2026-04-03 18:33:44.355045
3208eb20-858d-4457-a5d9-5c3a8c263e26	c32258ef-fc15-429f-85c6-91512562badd	20967e9a-48c3-4458-b22c-5e7b41dd2f7d	10	2026-04-03 18:33:44.355047	2026-04-03 18:33:44.355048
6f231e61-2eb7-4f1a-8e2b-392e7c13e1b2	c32258ef-fc15-429f-85c6-91512562badd	2416a831-95e5-4d16-8b02-1ddb1928a356	0	2026-04-03 18:33:44.35505	2026-04-03 18:33:44.355051
323050ea-b8cf-4bd4-b8f6-aceebe6cc6f4	c32258ef-fc15-429f-85c6-91512562badd	1d7f40a2-e351-40d4-a6fc-4f35e8a5029f	0	2026-04-03 18:33:44.355053	2026-04-03 18:33:44.355054
1c6260af-f59a-43ea-a05d-0dc3683dfcee	c32258ef-fc15-429f-85c6-91512562badd	6d543fca-e721-4478-bade-936014032b67	32	2026-04-03 18:33:44.355056	2026-04-03 18:33:44.355057
1bc4a979-dd91-4c81-b043-ebbf08671db0	c32258ef-fc15-429f-85c6-91512562badd	cec1d9cb-fa6b-4a6d-8e93-a53ab701d28b	49	2026-04-03 18:33:44.355059	2026-04-03 18:33:44.355061
fda23566-21db-495c-b0cd-4dd20747dd5c	c32258ef-fc15-429f-85c6-91512562badd	1c10b310-c3b9-4f70-a6c8-c381c3f1fcff	0	2026-04-03 18:33:44.355062	2026-04-03 18:33:44.355064
11510dc9-fa32-4e83-8dde-a83e23f0fd6e	c32258ef-fc15-429f-85c6-91512562badd	ef34e8b5-8f00-4d8d-a138-dfea20b0470a	47	2026-04-03 18:33:44.355066	2026-04-03 18:33:44.355067
ed1da356-d502-42b8-b8d0-c9afd56fdf9b	c32258ef-fc15-429f-85c6-91512562badd	8e86e396-96ec-4a0b-9d55-0bbb144bd147	0	2026-04-03 18:33:44.355069	2026-04-03 18:33:44.35507
75bdf71f-4e7f-4cb6-aa79-ebb49e8c0fc3	c32258ef-fc15-429f-85c6-91512562badd	b998f7b2-0768-44d3-9673-bc15861440dd	19	2026-04-03 18:33:44.355072	2026-04-03 18:33:44.355073
5a6eb65d-b490-411b-bc7b-91d455f77a95	c32258ef-fc15-429f-85c6-91512562badd	64ff8fad-06b5-42b1-a0e4-a03ca06be5a5	70	2026-04-03 18:33:44.355075	2026-04-03 18:33:44.355077
7d7c4ba7-0923-4c03-9134-1d62fef25cee	c32258ef-fc15-429f-85c6-91512562badd	fdf0a445-65ec-4932-8171-9dbacff3d7e0	0	2026-04-03 18:33:44.355078	2026-04-03 18:33:44.35508
64cfbe56-1b48-45d4-89c8-e059f18703c3	c32258ef-fc15-429f-85c6-91512562badd	440ad4b9-6a7a-46ea-86fe-5c56a6b8f842	50	2026-04-03 18:33:44.355081	2026-04-03 18:33:44.355083
b6c96d2e-abc6-4f95-ba2c-6e3b02fb9b32	c32258ef-fc15-429f-85c6-91512562badd	17d7f32f-3a14-4a69-9bdc-2b14e9f21700	0	2026-04-03 18:33:44.355085	2026-04-03 18:33:44.355086
99c2e8a6-a726-4996-933a-d00bf57e91c7	c32258ef-fc15-429f-85c6-91512562badd	6312bfd6-97e9-426e-88cd-1d5395c37522	0	2026-04-03 18:33:44.355088	2026-04-03 18:33:44.355089
5d351ed0-5df6-400b-aa2d-26a9b4c2cf07	c32258ef-fc15-429f-85c6-91512562badd	f94456df-2768-4447-8341-2332eb8376eb	25	2026-04-03 18:33:44.355091	2026-04-03 18:33:44.355092
76128f6c-5103-4702-94d3-0e85d444911e	c32258ef-fc15-429f-85c6-91512562badd	d0ea551f-11cd-4952-9829-d64791302458	0	2026-04-03 18:33:44.355094	2026-04-03 18:33:44.355096
a9081e11-0c54-4706-9593-3355424a3855	c32258ef-fc15-429f-85c6-91512562badd	589e07c7-71af-423d-9b80-1c844ae2f830	35	2026-04-03 18:33:44.355097	2026-04-03 18:33:44.355099
670c6091-ffb3-415c-98de-d7b819f8ee88	50ecaa59-5266-4a04-afee-a0da9fa80325	1bb75520-8ab1-4163-be17-ef569e787600	0	2026-04-04 14:08:56.832473	2026-04-04 14:08:56.832477
350bdb27-8986-4c4b-be9b-9a629e4012d8	50ecaa59-5266-4a04-afee-a0da9fa80325	1d5e1ad3-fc62-4ca3-88f2-e3c21553e16d	0	2026-04-04 14:08:56.832479	2026-04-04 14:08:56.83248
61bbbde2-7626-423f-860d-7c0337a45a89	50ecaa59-5266-4a04-afee-a0da9fa80325	9427b3ec-e122-44a7-a5bf-96da4ade90c9	0	2026-04-04 14:08:56.832481	2026-04-04 14:08:56.832482
77f23c1e-4a4d-4f76-8841-58a21999f92d	50ecaa59-5266-4a04-afee-a0da9fa80325	a53662bf-c47d-4b4f-8b3f-160a4dd8c609	0	2026-04-04 14:08:56.832483	2026-04-04 14:08:56.832484
9cdeece0-cf62-4940-897e-58d4d0bc6235	50ecaa59-5266-4a04-afee-a0da9fa80325	7680ad4d-24d1-4ea2-83d1-e2b5e39bdfd1	35	2026-04-04 14:08:56.832485	2026-04-04 14:08:56.832486
5e5302b2-cd0a-4794-99a8-fba98a7768a8	50ecaa59-5266-4a04-afee-a0da9fa80325	c46d483a-4de6-43ba-b94b-66bb4f9be647	0	2026-04-04 14:08:56.832487	2026-04-04 14:08:56.832488
5b60c63e-2b75-4707-a143-0c308ea9e378	50ecaa59-5266-4a04-afee-a0da9fa80325	327905ed-19d8-427b-ad2b-eb3755ebf88c	25	2026-04-04 14:08:56.832489	2026-04-04 14:08:56.83249
4763ff18-75cb-4e2a-b3e1-76770bdd80a3	50ecaa59-5266-4a04-afee-a0da9fa80325	a086c8f6-7925-4c96-bf13-3c99d25a931a	0	2026-04-04 14:08:56.832491	2026-04-04 14:08:56.832492
2f69e610-49b1-48d4-9ab8-ef0ac5eb1ec0	50ecaa59-5266-4a04-afee-a0da9fa80325	fb0a2800-f0f9-4072-ac94-49bb8b3b2dbe	0	2026-04-04 14:08:56.832493	2026-04-04 14:08:56.832494
70533ee8-85f1-4f16-aa98-738c38e220f1	50ecaa59-5266-4a04-afee-a0da9fa80325	dd40dd5e-560a-4f6e-b245-e2304834861d	1	2026-04-04 14:08:56.832495	2026-04-04 14:08:56.832496
e28fa24b-d383-4eb6-a989-4d0dfa0b9ebd	50ecaa59-5266-4a04-afee-a0da9fa80325	05bfbb0d-2bb6-4eed-ad26-f69f0483d8ac	0	2026-04-04 14:08:56.832497	2026-04-04 14:08:56.832498
69039c2a-235b-4033-9ac8-a0da4a87e77b	50ecaa59-5266-4a04-afee-a0da9fa80325	6a81a995-a464-4b0a-ac8f-05d754fa65f7	0	2026-04-04 14:08:56.832499	2026-04-04 14:08:56.8325
636a2a9f-b005-4a0b-b0e6-a6f0a6c4b4ff	50ecaa59-5266-4a04-afee-a0da9fa80325	908bc67e-df23-49ff-aed6-991b1905d66c	25	2026-04-04 14:08:56.832501	2026-04-04 14:08:56.832502
76c76a8d-0609-4f11-9ab5-1b4495303e72	50ecaa59-5266-4a04-afee-a0da9fa80325	32c7dd62-8a93-4fc9-8fd9-44a047434c07	0	2026-04-04 14:08:56.832503	2026-04-04 14:08:56.832504
bb3e909a-ea39-4efa-a7cc-b119e783d55d	50ecaa59-5266-4a04-afee-a0da9fa80325	20f836d9-8210-41d9-abde-08831b8c21c2	0	2026-04-04 14:08:56.832505	2026-04-04 14:08:56.832506
810865a1-b502-43d8-a94f-cd27e902b18b	50ecaa59-5266-4a04-afee-a0da9fa80325	47e46316-31bc-46b1-8848-92b5e23be711	60	2026-04-04 14:08:56.832507	2026-04-04 14:08:56.832508
72338c91-ae0e-4ea7-9451-bbf1b2834f1c	50ecaa59-5266-4a04-afee-a0da9fa80325	39a32867-e0c5-4d10-b42c-8832e73dccbe	7	2026-04-04 14:08:56.832509	2026-04-04 14:08:56.83251
197c152c-3d21-44cd-9dc6-e97dff33bf2b	50ecaa59-5266-4a04-afee-a0da9fa80325	8552cdb4-bfed-4e20-86c5-945bfef5cf4f	50	2026-04-04 14:08:56.832511	2026-04-04 14:08:56.832512
8b9074a6-afd5-4e71-aa21-12f0809e2ce9	50ecaa59-5266-4a04-afee-a0da9fa80325	d072ec32-cb84-422d-a31d-6cd08fc4d8b3	0	2026-04-04 14:08:56.832513	2026-04-04 14:08:56.832514
597b9de3-fad2-4685-a2de-0635da6c41d3	50ecaa59-5266-4a04-afee-a0da9fa80325	8d80bcf9-66e3-4925-93de-8f8adebbe8e8	0	2026-04-04 14:08:56.832515	2026-04-04 14:08:56.832516
5665c0a9-b91c-41fd-97f4-3271d1cc61c7	50ecaa59-5266-4a04-afee-a0da9fa80325	7814eecc-0836-4957-8c5f-4373a0d21b6f	121	2026-04-04 14:08:56.832517	2026-04-04 14:08:56.832518
b60b893b-883d-4368-a11c-a1af7d255352	50ecaa59-5266-4a04-afee-a0da9fa80325	c43a85ef-c7da-4f3c-919c-ff7f2506d13a	25	2026-04-04 14:08:56.832519	2026-04-04 14:08:56.832519
78a7d4fe-3baf-4b9f-b185-017524688543	50ecaa59-5266-4a04-afee-a0da9fa80325	ebedb2d8-4bbe-4858-8993-5a5e07894a7f	0	2026-04-04 14:08:56.832521	2026-04-04 14:08:56.832521
bf499591-11ef-48db-b636-f91785e1aaef	50ecaa59-5266-4a04-afee-a0da9fa80325	a3111c45-c2e3-47e1-b438-cc4183b605f4	13	2026-04-04 14:08:56.832522	2026-04-04 14:08:56.832523
c4015836-2836-4064-b4ef-9cef59eeb8de	50ecaa59-5266-4a04-afee-a0da9fa80325	430ae0b5-ed96-4e9d-ac26-238016d7bba7	25	2026-04-04 14:08:56.832524	2026-04-04 14:08:56.832525
5bf7fae9-d647-4fed-a63a-8b2af57ee694	50ecaa59-5266-4a04-afee-a0da9fa80325	5f720f8d-b355-4cf7-9e13-594f189422ec	0	2026-04-04 14:08:56.832526	2026-04-04 14:08:56.832527
99914766-db7f-4528-88b8-b3bf3f685c8f	50ecaa59-5266-4a04-afee-a0da9fa80325	778a9404-47c7-4a02-8abe-24d1223c3203	0	2026-04-04 14:08:56.832528	2026-04-04 14:08:56.832529
aaef61dc-3108-44e9-8bc8-f2c1d81aae10	50ecaa59-5266-4a04-afee-a0da9fa80325	35e24301-759f-4f4d-a86a-5014a25a25eb	0	2026-04-04 14:08:56.83253	2026-04-04 14:08:56.832531
6dd253b7-3f15-4063-8723-d5bc14d23a6e	50ecaa59-5266-4a04-afee-a0da9fa80325	8bcc680a-5e65-4fe4-88c8-21124bbbc6bf	27	2026-04-04 14:08:56.832532	2026-04-04 14:08:56.832533
b9d1b217-783e-48df-9e0b-7a14156ec9fc	50ecaa59-5266-4a04-afee-a0da9fa80325	0a929ae7-60a2-41cc-9e08-00f2d407ea2c	0	2026-04-04 14:08:56.832534	2026-04-04 14:08:56.832535
397e148c-0e8b-41f7-a3cc-a9efc64be44e	50ecaa59-5266-4a04-afee-a0da9fa80325	91e0bc15-85e4-43ae-8f34-c70e7a92a3ad	25	2026-04-04 14:08:56.832536	2026-04-04 14:08:56.832537
b133c496-6d52-48e4-b66e-7f75d454c73d	50ecaa59-5266-4a04-afee-a0da9fa80325	0d212cbf-d27e-4733-bb5d-f642aafe65cf	0	2026-04-04 14:08:56.832538	2026-04-04 14:08:56.832539
f6be90c4-b94c-414e-8d8c-fd1e42ab24d9	50ecaa59-5266-4a04-afee-a0da9fa80325	b6874254-7723-41fb-bb7e-4801f45b7809	10	2026-04-04 14:08:56.83254	2026-04-04 14:08:56.832541
ca02c237-2295-407f-b4f1-969ded5ec669	50ecaa59-5266-4a04-afee-a0da9fa80325	7007d5b2-a3e0-4c01-bf22-1c88bd7ea80e	0	2026-04-04 14:08:56.832542	2026-04-04 14:08:56.832543
7507b1f7-5c8c-4ecc-b57e-8fa594e03e14	50ecaa59-5266-4a04-afee-a0da9fa80325	f35fef1f-a2f9-4f7e-8e45-6b9496b1e412	0	2026-04-04 14:08:56.832544	2026-04-04 14:08:56.832545
e10e587b-7974-4c67-a0b6-e4b98f2262e6	50ecaa59-5266-4a04-afee-a0da9fa80325	31c8e127-032c-44b3-9bc3-c60e5362336b	45	2026-04-04 14:08:56.832546	2026-04-04 14:08:56.832547
a529072d-16b0-4db7-9469-025b01089092	50ecaa59-5266-4a04-afee-a0da9fa80325	97ad8458-a31b-43bd-a47a-89943e5caa66	0	2026-04-04 14:08:56.832548	2026-04-04 14:08:56.832549
ee882b6c-432c-4f00-b0fe-4c2932f07b96	50ecaa59-5266-4a04-afee-a0da9fa80325	12861955-4b71-4262-9358-0b8cd92a21e1	33	2026-04-04 14:08:56.83255	2026-04-04 14:08:56.832551
b6484446-6f38-4497-ac68-7c0e2aa07b81	50ecaa59-5266-4a04-afee-a0da9fa80325	2a69e6ec-4d5d-4407-abea-fd52b36c2248	0	2026-04-04 14:08:56.832552	2026-04-04 14:08:56.832553
b6e648ec-df64-4f6d-816d-b87f55a01132	50ecaa59-5266-4a04-afee-a0da9fa80325	ecd9c797-f257-4417-ab2b-91ecaf1c971a	0	2026-04-04 14:08:56.832554	2026-04-04 14:08:56.832555
47dd1c9d-f8c8-41e6-9d51-07f42b01fc7c	50ecaa59-5266-4a04-afee-a0da9fa80325	d2004e60-370a-436c-9325-78652a63b668	0	2026-04-04 14:08:56.832556	2026-04-04 14:08:56.832557
6e23ebf7-04a7-40dc-aeee-534860289c21	50ecaa59-5266-4a04-afee-a0da9fa80325	2a67ec18-fd74-4731-910f-5f7ab2b0b96b	0	2026-04-04 14:08:56.832558	2026-04-04 14:08:56.832559
ea6e26e3-82a2-4915-9bba-01a65c60c10c	50ecaa59-5266-4a04-afee-a0da9fa80325	8a04b605-57e4-4cd9-b9ad-7940a29d87fc	41	2026-04-04 14:08:56.83256	2026-04-04 14:08:56.832561
1a881783-41a9-4293-bff5-a9e0f7922a91	50ecaa59-5266-4a04-afee-a0da9fa80325	a3b2c87a-ffec-4e2e-bca9-a83b8c0ddbe2	24	2026-04-04 14:08:56.832562	2026-04-04 14:08:56.832563
9e2fb6e5-cd6e-40d8-b917-0bba469cba02	50ecaa59-5266-4a04-afee-a0da9fa80325	37e51aae-3895-4004-8e18-c3eceae5b0e9	-10	2026-04-04 14:08:56.832564	2026-04-04 14:08:56.832565
b48e23b3-48d8-4531-b572-b585f6a1e233	50ecaa59-5266-4a04-afee-a0da9fa80325	7c28fe6d-01ee-4649-a67c-59d76991b642	7	2026-04-04 14:08:56.832566	2026-04-04 14:08:56.832567
3a049fa9-9fdb-48ed-8c32-5bcf89a84519	50ecaa59-5266-4a04-afee-a0da9fa80325	dced2512-2bdd-4662-b17c-d4166bfe98d7	70	2026-04-04 14:08:56.832568	2026-04-04 14:08:56.832568
f8995f65-725c-4a66-bcaa-a91d1f419c6c	50ecaa59-5266-4a04-afee-a0da9fa80325	fd647c42-624b-4637-93b8-c30cf2a73ac4	7	2026-04-04 14:08:56.832569	2026-04-04 14:08:56.83257
c70a77be-8ce2-4a2d-baf0-12a6605c1dc8	50ecaa59-5266-4a04-afee-a0da9fa80325	af6e0592-fc5c-4515-a487-10a23baff184	0	2026-04-04 14:08:56.832571	2026-04-04 14:08:56.832572
6370d178-f7b2-430f-b118-2960bd318232	50ecaa59-5266-4a04-afee-a0da9fa80325	8003f35f-4d60-48fe-8f55-dfcfacf6157e	0	2026-04-04 14:08:56.832573	2026-04-04 14:08:56.832574
393c66e6-37a0-464d-b87e-28be41989abe	d7820ac3-56e7-4635-a09f-17ecec9a5d44	052b2d55-8804-468a-a752-9d87b9d9de1b	0	2026-04-04 18:20:25.944725	2026-04-04 18:20:25.94473
a416d22b-8d93-4635-a490-14e0efc18ad7	d7820ac3-56e7-4635-a09f-17ecec9a5d44	08c4fc5f-209a-49ac-a2c6-5a36289cd49a	0	2026-04-04 18:20:25.944732	2026-04-04 18:20:25.944735
afdc60cf-e545-4f43-af33-647c3b80a2e6	d7820ac3-56e7-4635-a09f-17ecec9a5d44	4472c735-0b87-4d0c-bc7d-b5d5ba357c2f	25	2026-04-04 18:20:25.944737	2026-04-04 18:20:25.944739
b21fdb5a-b6f3-4133-abae-14b2df76bf0d	d7820ac3-56e7-4635-a09f-17ecec9a5d44	3f7a0713-cc8d-4396-8a3a-297e1c12efec	23	2026-04-04 18:20:25.944741	2026-04-04 18:20:25.944743
a48498a6-f7cc-4001-80d3-37a3dcc7acbc	d7820ac3-56e7-4635-a09f-17ecec9a5d44	0038561c-8531-426b-8d58-bfaba83a0ad3	0	2026-04-04 18:20:25.944745	2026-04-04 18:20:25.944747
e8939241-c04f-4096-bc4f-7aa2c466269e	d7820ac3-56e7-4635-a09f-17ecec9a5d44	dd6daa88-c207-46fe-b38c-adeb006aa079	0	2026-04-04 18:20:25.944749	2026-04-04 18:20:25.944751
d1aaafba-b27b-4503-a060-c25c7ec75194	d7820ac3-56e7-4635-a09f-17ecec9a5d44	22243bb9-23bc-470c-9e46-fa55ee101687	0	2026-04-04 18:20:25.944753	2026-04-04 18:20:25.944755
8c429732-1671-4717-8e2f-d0ec799de051	d7820ac3-56e7-4635-a09f-17ecec9a5d44	f563cdad-ec0e-45ef-ab8f-4c0e805a676e	0	2026-04-04 18:20:25.944757	2026-04-04 18:20:25.944759
e79ec046-2b74-4382-beea-5ffa708fae86	d7820ac3-56e7-4635-a09f-17ecec9a5d44	da1ea119-8664-44bf-a6ab-e5a2920d502e	31	2026-04-04 18:20:25.944761	2026-04-04 18:20:25.944762
17e5420d-c360-4426-8edb-ab702c2c1d44	d7820ac3-56e7-4635-a09f-17ecec9a5d44	e1086992-9965-41f1-b8ec-dfffc1ec9ead	78	2026-04-04 18:20:25.944764	2026-04-04 18:20:25.944766
de7a8dfd-c6bd-49e2-8151-39cad4ce1440	d7820ac3-56e7-4635-a09f-17ecec9a5d44	25a07494-66bf-42ac-9a9c-4c08e302e14e	21	2026-04-04 18:20:25.944767	2026-04-04 18:20:25.94479
e9595bb8-bfac-4640-b8fe-1fecde68c4fa	d7820ac3-56e7-4635-a09f-17ecec9a5d44	0b5039ab-88ba-4f9d-b058-11daf22e34c6	0	2026-04-04 18:20:25.944793	2026-04-04 18:20:25.944795
1374f1d7-dda3-4cde-ba25-8e0f6e76aa5c	d7820ac3-56e7-4635-a09f-17ecec9a5d44	c4b2941f-7342-4f43-aaf1-2e624b4a96fb	0	2026-04-04 18:20:25.944798	2026-04-04 18:20:25.944799
2ec5ba22-76e9-49cb-9948-c36d9440cf3c	d7820ac3-56e7-4635-a09f-17ecec9a5d44	c825cf09-c692-4dd9-ba22-436af4ae7c3a	35	2026-04-04 18:20:25.944801	2026-04-04 18:20:25.944803
15e9d78d-2640-451b-9531-88a67bf4fe91	d7820ac3-56e7-4635-a09f-17ecec9a5d44	dea56dcf-73ab-448e-ab6f-60e781891150	16	2026-04-04 18:20:25.944805	2026-04-04 18:20:25.944807
707fb43f-77c2-4a67-906b-af9b1c34bf4f	d7820ac3-56e7-4635-a09f-17ecec9a5d44	7472e6d2-6eaa-441e-9adc-ee26807a97cd	0	2026-04-04 18:20:25.944809	2026-04-04 18:20:25.944811
70de4298-2ad7-4bb9-beda-d0e1803b5f49	d7820ac3-56e7-4635-a09f-17ecec9a5d44	46ca9ab3-7a61-439a-a0cb-2c119709a834	25	2026-04-04 18:20:25.944813	2026-04-04 18:20:25.944814
e702b0a2-05a6-41b6-a1df-04c5aa30ee90	d7820ac3-56e7-4635-a09f-17ecec9a5d44	6e5ab710-db3a-4819-8642-bb507c69e45f	0	2026-04-04 18:20:25.944816	2026-04-04 18:20:25.944818
f9fb5229-72ef-4c0b-9a21-9fe26f2059f5	d7820ac3-56e7-4635-a09f-17ecec9a5d44	a0f65f74-65e9-453e-aefb-debe2b78e013	15	2026-04-04 18:20:25.94482	2026-04-04 18:20:25.944822
d3190f17-215f-4607-9a6a-c3c6051358d8	d7820ac3-56e7-4635-a09f-17ecec9a5d44	48aba537-4296-4b84-aa72-99aeb0d4aa38	52	2026-04-04 18:20:25.944824	2026-04-04 18:20:25.944826
a4839a71-7804-4236-8914-56c2707f4dea	d7820ac3-56e7-4635-a09f-17ecec9a5d44	1a5a9847-81ea-4dfc-861e-64ba8e6f5477	0	2026-04-04 18:20:25.944828	2026-04-04 18:20:25.94483
388fbb8b-4ef2-473f-b6c6-3f4e24d171c6	d7820ac3-56e7-4635-a09f-17ecec9a5d44	bb0c4332-ee06-4338-b133-da26b7580128	98	2026-04-04 18:20:25.944832	2026-04-04 18:20:25.944834
e31f686a-4034-47b2-8b49-dea2d96fb10c	d7820ac3-56e7-4635-a09f-17ecec9a5d44	737adced-44e0-4090-8408-1a99e41adab2	0	2026-04-04 18:20:25.944836	2026-04-04 18:20:25.944838
26875e87-e6b5-47a3-841c-4b8011bebb87	d7820ac3-56e7-4635-a09f-17ecec9a5d44	5a050110-00dc-41ac-920b-150463e26264	0	2026-04-04 18:20:25.94484	2026-04-04 18:20:25.944842
948c1dcb-7610-435d-8355-02526ccba846	d7820ac3-56e7-4635-a09f-17ecec9a5d44	1b46de5e-ce08-4edb-a605-c3885b6d76ba	5	2026-04-04 18:20:25.944844	2026-04-04 18:20:25.944846
1f8d33a5-94e9-4b5f-a665-f8c90334a8c4	d7820ac3-56e7-4635-a09f-17ecec9a5d44	a1a9bf3a-6d41-4f41-b853-2040b1cca7a6	0	2026-04-04 18:20:25.944848	2026-04-04 18:20:25.94485
59dbc782-bb5d-4fec-bdf1-63f17c65998d	d7820ac3-56e7-4635-a09f-17ecec9a5d44	27388367-0ec3-4979-be75-f9b8682c8303	0	2026-04-04 18:20:25.944852	2026-04-04 18:20:25.944854
ed0206e7-11a8-4356-9378-cb0a968ba21d	d7820ac3-56e7-4635-a09f-17ecec9a5d44	f2714be9-5ad4-4a7a-ba09-ac4bbbaa699c	0	2026-04-04 18:20:25.944856	2026-04-04 18:20:25.944858
697f31a2-67bc-4baf-b5b1-684f237b97fc	d7820ac3-56e7-4635-a09f-17ecec9a5d44	37ac1b02-dd2d-40aa-8cd6-e729b0e391ac	122	2026-04-04 18:20:25.94486	2026-04-04 18:20:25.944862
e5da3d3b-1239-4f32-adb4-994ce90e31ef	d7820ac3-56e7-4635-a09f-17ecec9a5d44	4f6e10b1-9db6-4498-8391-d00f2d42a2a4	1	2026-04-04 18:20:25.944864	2026-04-04 18:20:25.944866
4a9e3cd5-00fd-4413-ae70-f963343ad425	d7820ac3-56e7-4635-a09f-17ecec9a5d44	2019be20-2d1b-45a4-91fb-68cce6ac13dd	21	2026-04-04 18:20:25.944868	2026-04-04 18:20:25.94487
ed892d5a-01b0-43fb-8b28-57842c50cde8	d7820ac3-56e7-4635-a09f-17ecec9a5d44	82e5d058-ac16-4613-888b-3ab4136b7cf1	0	2026-04-04 18:20:25.944872	2026-04-04 18:20:25.944874
836e2b63-428a-41f4-b1b0-cf91c7534628	d7820ac3-56e7-4635-a09f-17ecec9a5d44	9170a731-7b59-478b-9d55-9c06bc41e22c	0	2026-04-04 18:20:25.944876	2026-04-04 18:20:25.944878
a02d3c5e-bf0c-4300-8b4e-fe4d4a4fd128	d7820ac3-56e7-4635-a09f-17ecec9a5d44	db2b24cb-1911-44f7-9a03-62fc56839d13	0	2026-04-04 18:20:25.94488	2026-04-04 18:20:25.944882
15fb088f-000d-47b1-95eb-64b19747a4d7	d7820ac3-56e7-4635-a09f-17ecec9a5d44	f40f3ec6-4cd0-4cba-b61d-c71beaa5414f	25	2026-04-04 18:20:25.944884	2026-04-04 18:20:25.944886
b3fd9fe4-c168-4db7-9843-8103c07ebabf	d7820ac3-56e7-4635-a09f-17ecec9a5d44	0befddc3-deb0-4db6-86c0-343ba53c8d23	110	2026-04-04 18:20:25.944888	2026-04-04 18:20:25.944889
8622976d-a545-430d-8a30-d14d409228f4	d7820ac3-56e7-4635-a09f-17ecec9a5d44	810ec55e-baeb-46ed-8165-81084dda46ba	19	2026-04-04 18:20:25.944891	2026-04-04 18:20:25.944893
04d0a7cb-7dbd-41d3-a64f-42d585ee60b9	d7820ac3-56e7-4635-a09f-17ecec9a5d44	6a13577d-3f5a-4af7-8ab2-8191a0b3d4c2	0	2026-04-04 18:20:25.944895	2026-04-04 18:20:25.944897
6de68ac3-4b3a-4d2f-b0cb-2d24338cc2ea	d7820ac3-56e7-4635-a09f-17ecec9a5d44	7cc082a6-411a-4581-a477-c571f6e65550	35	2026-04-04 18:20:25.944899	2026-04-04 18:20:25.9449
3879b6b7-e2f3-4ad9-be5f-a9046eb3e0f1	d7820ac3-56e7-4635-a09f-17ecec9a5d44	b158df80-4458-4c70-9378-5cba64961fe6	10	2026-04-04 18:20:25.944902	2026-04-04 18:20:25.944904
9a230d05-9288-4795-9cf6-f8e8be013462	d7820ac3-56e7-4635-a09f-17ecec9a5d44	938a6ddc-83ab-449a-8811-12e3b5bf2591	33	2026-04-04 18:20:25.944905	2026-04-04 18:20:25.944907
793bc157-ee69-4ace-8672-82b10927d02c	d7820ac3-56e7-4635-a09f-17ecec9a5d44	b2a94b65-d12f-4f29-a734-ce0d8fed40ba	0	2026-04-04 18:20:25.944909	2026-04-04 18:20:25.944911
e4d02c01-9312-4f6a-9898-db9d2bb90377	d7820ac3-56e7-4635-a09f-17ecec9a5d44	232fc833-1779-45d2-ac90-34bb48d0d44d	0	2026-04-04 18:20:25.944913	2026-04-04 18:20:25.944915
8693b451-4fcc-4127-aa81-2ed93a7c48c0	d7820ac3-56e7-4635-a09f-17ecec9a5d44	c2d88b72-b73b-42db-a7e2-4dc21179d828	35	2026-04-04 18:20:25.944917	2026-04-04 18:20:25.944919
27307e0b-92a7-4553-a5ca-47acd24f3f7e	d7820ac3-56e7-4635-a09f-17ecec9a5d44	8806a5d0-3968-479d-ae6d-fac00895b382	36	2026-04-04 18:20:25.944921	2026-04-04 18:20:25.944922
5a59bbac-863f-42ae-8a1d-0d3c063a6480	d7820ac3-56e7-4635-a09f-17ecec9a5d44	ae3d970d-67ca-4c04-b502-02b7115e302e	0	2026-04-04 18:20:25.944924	2026-04-04 18:20:25.944926
8b0c9b97-a803-4ba0-9116-ee096219ceba	d7820ac3-56e7-4635-a09f-17ecec9a5d44	4229ad29-e7b5-4717-9dd7-9a7eccdadeb6	73	2026-04-04 18:20:25.944928	2026-04-04 18:20:25.944929
d68a3d96-fe9a-4cfa-9a7e-b21fa742f968	d7820ac3-56e7-4635-a09f-17ecec9a5d44	267aa15d-86c8-4f9e-b671-ab56afba0d83	0	2026-04-04 18:20:25.944931	2026-04-04 18:20:25.944933
7d6ccc50-cf68-4bae-86bf-2bdbcd0be0e5	d7820ac3-56e7-4635-a09f-17ecec9a5d44	2ba641d1-2339-4b82-9286-7398edefd0bc	0	2026-04-04 18:20:25.944935	2026-04-04 18:20:25.944937
\.


--
-- Data for Name: players; Type: TABLE DATA; Schema: public; Owner: -
--

COPY public.players (id, name, role, franchise, cost, external_id, created_at, updated_at, image_url, nationality) FROM stdin;
2a69e6ec-4d5d-4407-abea-fd52b36c2248	Quinton de Kock	WICKET_KEEPER	Mumbai Indians	9.5	\N	2026-03-22 22:33:16.836468	2026-03-22 22:33:16.836469	https://img1.hscicdn.com/image/upload/f_auto,t_h_100/lsci/db/PICTURES/CMS/316600/316668.1.png	South Africa
bf73c08a-e21a-45d6-8ec5-e06850c379d7	Brydon Carse	ALL_ROUNDER	Sunrisers Hyderabad	8	\N	2026-03-22 22:33:16.837493	2026-03-22 22:33:16.837494	https://img1.hscicdn.com/image/upload/f_auto,t_h_100/lsci/db/PICTURES/CMS/325900/325908.1.png	England
c46d483a-4de6-43ba-b94b-66bb4f9be647	Ben Duckett	WICKET_KEEPER	Delhi Capitals	9	\N	2026-03-22 22:33:16.836674	2026-03-22 22:33:16.836675	https://img1.hscicdn.com/image/upload/f_auto,t_h_100/lsci/db/PICTURES/CMS/383100/383154.1.png	England
2a67ec18-fd74-4731-910f-5f7ab2b0b96b	Robin Minz	WICKET_KEEPER	Mumbai Indians	7	\N	2026-03-22 22:33:16.836478	2026-03-22 22:33:16.836479	\N	India
7cbf160c-0a11-4a7f-b3f4-38d3519b4183	Akeal Hosein	BOWLER	Chennai Super Kings	7.5	\N	2026-03-22 22:33:16.836649	2026-03-22 22:33:16.83665	https://img1.hscicdn.com/image/upload/f_auto,t_h_100/lsci/db/PICTURES/CMS/321900/321939.1.png	West Indies
5f720f8d-b355-4cf7-9e13-594f189422ec	AM Ghazanfar	BOWLER	Mumbai Indians	7.5	\N	2026-03-22 22:33:16.836548	2026-03-22 22:33:16.836549	https://img1.hscicdn.com/image/upload/f_auto,t_h_100/lsci/db/PICTURES/CMS/390500/390546.2.png	Afghanistan
3e20ca0d-dc95-4a9f-b50f-ac1216ba791d	Jamie Overton	ALL_ROUNDER	Chennai Super Kings	8.5	\N	2026-03-22 22:33:16.836611	2026-03-22 22:33:16.836612	https://img1.hscicdn.com/image/upload/f_auto,t_h_100/lsci/db/PICTURES/CMS/324200/324243.1.png	England
35e24301-759f-4f4d-a86a-5014a25a25eb	Atharva Ankolekar	ALL_ROUNDER	Mumbai Indians	7	\N	2026-03-22 22:33:16.836525	2026-03-22 22:33:16.836525	\N	India
d7f92bc5-87dc-4a0a-965f-0e014d909ce6	Zak Foulkes	ALL_ROUNDER	Chennai Super Kings	7	\N	2026-03-22 22:33:16.83662	2026-03-22 22:33:16.836621	https://img1.hscicdn.com/image/upload/f_auto,t_h_100/lsci/db/PICTURES/CMS/393500/393574.2.png	New Zealand
327905ed-19d8-427b-ad2b-eb3755ebf88c	David Miller	BATSMAN	Delhi Capitals	8.5	\N	2026-03-22 22:33:16.836684	2026-03-22 22:33:16.836685	https://img1.hscicdn.com/image/upload/f_auto,t_h_100/lsci/db/PICTURES/CMS/316600/316655.1.png	South Africa
31c8e127-032c-44b3-9bc3-c60e5362336b	Mitchell Santner	ALL_ROUNDER	Mumbai Indians	8.5	\N	2026-03-22 22:33:16.836508	2026-03-22 22:33:16.836508	https://img1.hscicdn.com/image/upload/f_auto,t_h_100/lsci/db/PICTURES/CMS/383100/383180.1.png	New Zealand
8003f35f-4d60-48fe-8f55-dfcfacf6157e	Will Jacks	ALL_ROUNDER	Mumbai Indians	9	\N	2026-03-22 22:33:16.836499	2026-03-22 22:33:16.8365	https://img1.hscicdn.com/image/upload/f_auto,t_h_100/lsci/db/PICTURES/CMS/383100/383155.1.png	England
9427b3ec-e122-44a7-a5bf-96da4ade90c9	Ashutosh Sharma	ALL_ROUNDER	Delhi Capitals	7.5	\N	2026-03-22 22:33:16.836718	2026-03-22 22:33:16.836719	https://img1.hscicdn.com/image/upload/f_auto,t_h_100/lsci/db/PICTURES/CMS/380600/380694.1.png	India
991e86eb-648a-4bc1-90e2-01ebce875a00	Anshul Kamboj	ALL_ROUNDER	Chennai Super Kings	7.5	\N	2026-03-22 22:33:16.836616	2026-03-22 22:33:16.836617	https://img1.hscicdn.com/image/upload/f_auto,t_h_100/lsci/db/PICTURES/CMS/381300/381389.1.png	India
0a929ae7-60a2-41cc-9e08-00f2d407ea2c	Danish Malewar	BATSMAN	Mumbai Indians	6.5	\N	2026-03-22 22:33:16.836486	2026-03-22 22:33:16.836487	https://img1.hscicdn.com/image/upload/f_auto,t_h_100/lsci/db/PICTURES/CMS/414700/414794.5.png	India
efa56ea0-57e7-4386-be75-72debbf32185	Ayush Mhatre	BATSMAN	Chennai Super Kings	7	\N	2026-03-22 22:33:16.836591	2026-03-22 22:33:16.836592	https://img1.hscicdn.com/image/upload/f_auto,t_h_100/lsci/db/PICTURES/CMS/390300/390331.2.png	India
9f41477e-3119-4b44-990d-ae0bf88513de	Urvil Patel	WICKET_KEEPER	Chennai Super Kings	7	\N	2026-03-22 22:33:16.836595	2026-03-22 22:33:16.836596	https://img1.hscicdn.com/image/upload/f_auto,t_h_100/lsci/db/PICTURES/CMS/391800/391896.2.png	India
3c89da23-a679-44ef-9440-f48b16c71dfd	Ramakrishna Ghosh	ALL_ROUNDER	Chennai Super Kings	7	\N	2026-03-22 22:33:16.836624	2026-03-22 22:33:16.836625	https://img1.hscicdn.com/image/upload/f_auto,t_h_100/lsci/db/PICTURES/CMS/398600/398613.4.png	India
778a9404-47c7-4a02-8abe-24d1223c3203	Ashwani Kumar	BOWLER	Mumbai Indians	6.5	\N	2026-03-22 22:33:16.836557	2026-03-22 22:33:16.836558	https://img1.hscicdn.com/image/upload/f_auto,t_h_100/lsci/db/PICTURES/CMS/393400/393450.2.png	India
97ad8458-a31b-43bd-a47a-89943e5caa66	Mohd Izhar	BOWLER	Mumbai Indians	6	\N	2026-03-22 22:33:16.836561	2026-03-22 22:33:16.836562	https://img1.hscicdn.com/image/upload/f_auto,t_h_100/lsci/db/PICTURES/CMS/414700/414796.5.png	India
edaf4aed-5f45-461e-98a6-3762788c3d86	Prashant Veer	ALL_ROUNDER	Chennai Super Kings	6.5	\N	2026-03-22 22:33:16.836632	2026-03-22 22:33:16.836633	https://img1.hscicdn.com/image/upload/f_auto,t_h_100/lsci/db/PICTURES/CMS/410600/410613.4.png	India
2f080406-18d5-4c38-8736-e4abff0dbcd8	Mukesh Choudhary	BOWLER	Chennai Super Kings	6.5	\N	2026-03-22 22:33:16.836665	2026-03-22 22:33:16.836666	https://img1.hscicdn.com/image/upload/f_auto,t_h_100/lsci/db/PICTURES/CMS/398600/398614.5.png	India
8d80bcf9-66e3-4925-93de-8f8adebbe8e8	Sahil Parakh	BATSMAN	Delhi Capitals	6	\N	2026-03-22 22:33:16.83671	2026-03-22 22:33:16.836711	https://img1.hscicdn.com/image/upload/f_auto,t_h_100/lsci/db/PICTURES/CMS/414800/414802.4.png	India
7814eecc-0836-4957-8c5f-4373a0d21b6f	Sameer Rizvi	ALL_ROUNDER	Delhi Capitals	7	\N	2026-03-22 22:33:16.836723	2026-03-22 22:33:16.836724	https://img1.hscicdn.com/image/upload/f_auto,t_h_100/lsci/db/PICTURES/CMS/397400/397425.4.png	India
fd647c42-624b-4637-93b8-c30cf2a73ac4	Tilak Varma	ALL_ROUNDER	Mumbai Indians	9	\N	2026-03-22 22:33:16.836495	2026-03-22 22:33:16.836496	https://img1.hscicdn.com/image/upload/f_auto,t_h_100/lsci/db/PICTURES/CMS/381300/381391.1.png	India
afef1a75-fde6-4bb2-93ee-77766b786808	MS Dhoni	WICKET_KEEPER	Chennai Super Kings	9.5	\N	2026-03-22 22:33:16.836578	2026-03-22 22:33:16.836579	https://img1.hscicdn.com/image/upload/f_auto,t_h_100/lsci/db/PICTURES/CMS/319900/319946.3.png	India
1dffcb3c-053d-4842-986c-6e163d89f804	Ruturaj Gaikwad	BATSMAN	Chennai Super Kings	10	\N	2026-03-22 22:33:16.836569	2026-03-22 22:33:16.83657	https://img1.hscicdn.com/image/upload/f_auto,t_h_100/lsci/db/PICTURES/CMS/322200/322236.1.png	India
6d165bea-2f93-4c99-94a9-3de674d6c211	Shivam Dube	ALL_ROUNDER	Chennai Super Kings	9	\N	2026-03-22 22:33:16.836603	2026-03-22 22:33:16.836604	https://img1.hscicdn.com/image/upload/f_auto,t_h_100/lsci/db/PICTURES/CMS/383700/383773.1.png	India
91e0bc15-85e4-43ae-8f34-c70e7a92a3ad	Deepak Chahar	BOWLER	Mumbai Indians	8.5	\N	2026-03-22 22:33:16.836544	2026-03-22 22:33:16.836545	https://img1.hscicdn.com/image/upload/f_auto,t_h_100/lsci/db/PICTURES/CMS/322700/322704.1.png	India
37e51aae-3895-4004-8e18-c3eceae5b0e9	Shardul Thakur	ALL_ROUNDER	Mumbai Indians	8	\N	2026-03-22 22:33:16.836512	2026-03-22 22:33:16.836513	https://img1.hscicdn.com/image/upload/f_auto,t_h_100/lsci/db/PICTURES/CMS/322600/322696.1.png	India
12861955-4b71-4262-9358-0b8cd92a21e1	Naman Dhir	ALL_ROUNDER	Mumbai Indians	7.5	\N	2026-03-22 22:33:16.836516	2026-03-22 22:33:16.836517	https://img1.hscicdn.com/image/upload/f_auto,t_h_100/lsci/db/PICTURES/CMS/381300/381384.1.png	India
7680ad4d-24d1-4ea2-83d1-e2b5e39bdfd1	Axar Patel	ALL_ROUNDER	Delhi Capitals	9.5	\N	2026-03-22 22:33:16.836714	2026-03-22 22:33:16.836715	https://img1.hscicdn.com/image/upload/f_auto,t_h_100/lsci/db/PICTURES/CMS/331100/331164.2.png	India
fb0a2800-f0f9-4072-ac94-49bb8b3b2dbe	Karun Nair	BATSMAN	Delhi Capitals	8.5	\N	2026-03-22 22:33:16.836678	2026-03-22 22:33:16.836679	https://img1.hscicdn.com/image/upload/f_auto,t_h_100/lsci/db/PICTURES/CMS/399200/399231.5.png	India
f1b0c7ec-eb2f-4b67-92e3-dcc604abf04e	Rahul Chahar	BOWLER	Chennai Super Kings	8	\N	2026-03-22 22:33:16.836645	2026-03-22 22:33:16.836646	https://img1.hscicdn.com/image/upload/f_auto,t_h_100/lsci/db/PICTURES/CMS/331100/331166.1.png	India
d072ec32-cb84-422d-a31d-6cd08fc4d8b3	Prithvi Shaw	BATSMAN	Delhi Capitals	7.5	\N	2026-03-22 22:33:16.836693	2026-03-22 22:33:16.836694	https://img1.hscicdn.com/image/upload/f_auto,t_h_100/lsci/db/PICTURES/CMS/322600/322622.1.png	India
908bc67e-df23-49ff-aed6-991b1905d66c	Lungi Ngidi	BOWLER	Delhi Capitals	8	\N	2026-03-22 22:33:16.836748	2026-03-22 22:33:16.836749	https://img1.hscicdn.com/image/upload/f_auto,t_h_100/lsci/db/PICTURES/CMS/322000/322069.1.png	South Africa
c90f1e86-22ea-4547-8211-22135129a4cc	Matheesha Pathirana	BOWLER	Kolkata Knight Riders	9	\N	2026-03-22 22:33:16.836977	2026-03-22 22:33:16.836978	https://img1.hscicdn.com/image/upload/f_auto,t_h_100/lsci/db/PICTURES/CMS/355400/355402.1.png	Sri Lanka
8bcc680a-5e65-4fe4-88c8-21124bbbc6bf	Corbin Bosch	ALL_ROUNDER	Mumbai Indians	8	\N	2026-03-22 22:33:16.836503	2026-03-22 22:33:16.836504	https://img1.hscicdn.com/image/upload/f_auto,t_h_100/lsci/db/PICTURES/CMS/393600/393647.2.png	South Africa
5a050110-00dc-41ac-920b-150463e26264	Tom Banton	WICKET_KEEPER	Gujarat Titans	7.5	\N	2026-03-22 22:33:16.836794	2026-03-22 22:33:16.836794	https://img1.hscicdn.com/image/upload/f_auto,t_h_100/lsci/db/PICTURES/CMS/323000/323099.1.png	England
0b5039ab-88ba-4f9d-b058-11daf22e34c6	Luke Wood	BOWLER	Gujarat Titans	7	\N	2026-03-22 22:33:16.836887	2026-03-22 22:33:16.836888	https://img1.hscicdn.com/image/upload/f_auto,t_h_100/lsci/db/PICTURES/CMS/324300/324367.1.png	England
a086c8f6-7925-4c96-bf13-3c99d25a931a	Dushmantha Chameera	BOWLER	Delhi Capitals	7.5	\N	2026-03-22 22:33:16.836756	2026-03-22 22:33:16.836757	https://img1.hscicdn.com/image/upload/f_auto,t_h_100/lsci/db/PICTURES/CMS/319800/319862.2.png	Sri Lanka
5a8ac56f-36d9-4c86-9d92-a53e798fd789	Josh Inglis	WICKET_KEEPER	Lucknow Super Giants	8	\N	2026-03-22 22:33:16.837023	2026-03-22 22:33:16.837024	https://img1.hscicdn.com/image/upload/f_auto,t_h_100/lsci/db/PICTURES/CMS/324200/324232.2.png	Australia
4ed7d612-d1b2-4fef-8b6c-ac91387adf06	Rachin Ravindra	ALL_ROUNDER	Kolkata Knight Riders	8.5	\N	2026-03-22 22:33:16.836961	2026-03-22 22:33:16.836962	https://img1.hscicdn.com/image/upload/f_auto,t_h_100/lsci/db/PICTURES/CMS/383100/383182.1.png	New Zealand
4408bb66-01f5-4d16-956d-dd85c498b36f	Tim Seifert	WICKET_KEEPER	Kolkata Knight Riders	7.5	\N	2026-03-22 22:33:16.836941	2026-03-22 22:33:16.836941	https://img1.hscicdn.com/image/upload/f_auto,t_h_100/lsci/db/PICTURES/CMS/321300/321313.1.png	New Zealand
da1ea119-8664-44bf-a6ab-e5a2920d502e	Jos Buttler	WICKET_KEEPER	Gujarat Titans	10	\N	2026-03-22 22:33:16.836781	2026-03-22 22:33:16.836782	https://img1.hscicdn.com/image/upload/f_auto,t_h_100/lsci/db/PICTURES/CMS/383100/383143.1.png	England
e1086992-9965-41f1-b8ec-dfffc1ec9ead	Kagiso Rabada	BOWLER	Gujarat Titans	10	\N	2026-03-22 22:33:16.83684	2026-03-22 22:33:16.836841	https://img1.hscicdn.com/image/upload/f_auto,t_h_100/lsci/db/PICTURES/CMS/320300/320376.1.png	South Africa
6e5ab710-db3a-4819-8642-bb507c69e45f	Prithvi Raj	BOWLER	Gujarat Titans	6	\N	2026-03-22 22:33:16.836895	2026-03-22 22:33:16.836896	\N	India
c43a85ef-c7da-4f3c-919c-ff7f2506d13a	T Natarajan	BOWLER	Delhi Capitals	7.5	\N	2026-03-22 22:33:16.836752	2026-03-22 22:33:16.836753	https://img1.hscicdn.com/image/upload/f_auto,t_h_100/lsci/db/PICTURES/CMS/322600/322699.1.png	India
47e46316-31bc-46b1-8848-92b5e23be711	Mukesh Kumar	BOWLER	Delhi Capitals	7	\N	2026-03-22 22:33:16.83676	2026-03-22 22:33:16.836761	https://img1.hscicdn.com/image/upload/f_auto,t_h_100/lsci/db/PICTURES/CMS/373900/373907.1.png	India
052b2d55-8804-468a-a752-9d87b9d9de1b	Anuj Rawat	WICKET_KEEPER	Gujarat Titans	7	\N	2026-03-22 22:33:16.836798	2026-03-22 22:33:16.836799	https://img1.hscicdn.com/image/upload/f_auto,t_h_100/lsci/db/PICTURES/CMS/359700/359757.1.png	India
957e5852-4217-4b82-af42-a16fa8815b58	Rahul Tripathi	BATSMAN	Kolkata Knight Riders	7.5	\N	2026-03-22 22:33:16.836924	2026-03-22 22:33:16.836925	https://img1.hscicdn.com/image/upload/f_auto,t_h_100/lsci/db/PICTURES/CMS/356800/356821.5.png	India
a53662bf-c47d-4b4f-8b3f-160a4dd8c609	Auqib Nabi	BOWLER	Delhi Capitals	6.5	\N	2026-03-22 22:33:16.836764	2026-03-22 22:33:16.836765	https://img1.hscicdn.com/image/upload/f_auto,t_h_100/lsci/db/PICTURES/CMS/414800/414803.2.png	India
430ae0b5-ed96-4e9d-ac26-238016d7bba7	Vipraj Nigam	BOWLER	Delhi Capitals	6	\N	2026-03-22 22:33:16.836769	2026-03-22 22:33:16.836769	https://img1.hscicdn.com/image/upload/f_auto,t_h_100/lsci/db/PICTURES/CMS/397400/397429.4.png	India
08c4fc5f-209a-49ac-a2c6-5a36289cd49a	Arshad Khan	BOWLER	Gujarat Titans	6.5	\N	2026-03-22 22:33:16.836878	2026-03-22 22:33:16.836879	https://img1.hscicdn.com/image/upload/f_auto,t_h_100/lsci/db/PICTURES/CMS/398600/398617.5.png	India
f563cdad-ec0e-45ef-ab8f-4c0e805a676e	Jayant Yadav	BOWLER	Gujarat Titans	6.5	\N	2026-03-22 22:33:16.836899	2026-03-22 22:33:16.8369	https://img1.hscicdn.com/image/upload/f_auto,t_h_100/lsci/db/PICTURES/CMS/322500/322553.1.png	India
431bca77-b6a3-4404-8daf-ba2b44e638ea	Anukul Roy	ALL_ROUNDER	Kolkata Knight Riders	7	\N	2026-03-22 22:33:16.836965	2026-03-22 22:33:16.836966	https://img1.hscicdn.com/image/upload/f_auto,t_h_100/lsci/db/PICTURES/CMS/341000/341041.1.png	India
737adced-44e0-4090-8408-1a99e41adab2	Shubman Gill	BATSMAN	Gujarat Titans	10.5	\N	2026-03-22 22:33:16.836777	2026-03-22 22:33:16.836778	https://img1.hscicdn.com/image/upload/f_auto,t_h_100/lsci/db/PICTURES/CMS/398500/398534.2.png	India
62dbee04-c6f3-44ef-ae7a-066edf5b3fac	Rishabh Pant	WICKET_KEEPER	Lucknow Super Giants	10.5	\N	2026-03-22 22:33:16.837011	2026-03-22 22:33:16.837012	https://img1.hscicdn.com/image/upload/f_auto,t_h_100/lsci/db/PICTURES/CMS/323000/323036.1.png	India
3f0b3c54-8813-4718-b362-9ce3bd2e18d2	Ajinkya Rahane	BATSMAN	Kolkata Knight Riders	8.5	\N	2026-03-22 22:33:16.836903	2026-03-22 22:33:16.836904	https://img1.hscicdn.com/image/upload/f_auto,t_h_100/lsci/db/PICTURES/CMS/316600/316620.3.png	India
dea56dcf-73ab-448e-ab6f-60e781891150	M Shahrukh Khan	BATSMAN	Gujarat Titans	8	\N	2026-03-22 22:33:16.836789	2026-03-22 22:33:16.83679	https://img1.hscicdn.com/image/upload/f_auto,t_h_100/lsci/db/PICTURES/CMS/359700/359756.1.png	India
7472e6d2-6eaa-441e-9adc-ee26807a97cd	Nishant Sindhu	ALL_ROUNDER	Gujarat Titans	6.5	\N	2026-03-22 22:33:16.836835	2026-03-22 22:33:16.836836	https://img1.hscicdn.com/image/upload/f_auto,t_h_100/lsci/db/PICTURES/CMS/345000/345097.1.png	India
a5cbdc47-45e8-44f3-b50c-9fa6e4e1311b	Tejasvi Dahiya	WICKET_KEEPER	Kolkata Knight Riders	6.5	\N	2026-03-22 22:33:16.836948	2026-03-22 22:33:16.836949	https://img1.hscicdn.com/image/upload/f_auto,t_h_100/lsci/db/PICTURES/CMS/414300/414336.2.png	India
9f5a7490-e5ab-4a93-a29e-aef4f634feb7	Ramandeep Singh	BATSMAN	Kolkata Knight Riders	7	\N	2026-03-22 22:33:16.836932	2026-03-22 22:33:16.836933	https://img1.hscicdn.com/image/upload/f_auto,t_h_100/lsci/db/PICTURES/CMS/380600/380670.5.png	India
1b46de5e-ce08-4edb-a605-c3885b6d76ba	Washington Sundar	ALL_ROUNDER	Gujarat Titans	8	\N	2026-03-22 22:33:16.836823	2026-03-22 22:33:16.836824	https://img1.hscicdn.com/image/upload/f_auto,t_h_100/lsci/db/PICTURES/CMS/322600/322619.1.png	India
19f71994-7103-438f-bee8-5ab14f5b20d3	Varun Chakravarthy	BOWLER	Kolkata Knight Riders	9	\N	2026-03-22 22:33:16.836973	2026-03-22 22:33:16.836974	https://img1.hscicdn.com/image/upload/f_auto,t_h_100/lsci/db/PICTURES/CMS/331100/331167.1.png	India
5d11c7db-19a5-4d4d-9733-eebb7425316b	Ayush Badoni	BATSMAN	Lucknow Super Giants	8	\N	2026-03-22 22:33:16.837027	2026-03-22 22:33:16.837028	https://img1.hscicdn.com/image/upload/f_auto,t_h_100/lsci/db/PICTURES/CMS/411800/411842.png	India
46ca9ab3-7a61-439a-a0cb-2c119709a834	Prasidh Krishna	BOWLER	Gujarat Titans	8	\N	2026-03-22 22:33:16.836848	2026-03-22 22:33:16.836849	https://img1.hscicdn.com/image/upload/f_auto,t_h_100/lsci/db/PICTURES/CMS/389500/389549.5.png	India
1a5a9847-81ea-4dfc-861e-64ba8e6f5477	Sai Kishore	BOWLER	Gujarat Titans	7	\N	2026-03-22 22:33:16.836883	2026-03-22 22:33:16.836883	https://img1.hscicdn.com/image/upload/f_auto,t_h_100/lsci/db/PICTURES/CMS/362500/362558.6.png	India
4afcc8bf-2d9f-409c-bc6a-9dbf11e8e04a	Akash Deep	BOWLER	Kolkata Knight Riders	7.5	\N	2026-03-22 22:33:16.836989	2026-03-22 22:33:16.83699	https://img1.hscicdn.com/image/upload/f_auto,t_h_100/lsci/db/PICTURES/CMS/403300/403361.2.png	India
e67070c3-922b-4502-9bdb-4df44e806d21	Kartik Tyagi	BOWLER	Kolkata Knight Riders	6.5	\N	2026-03-22 22:33:16.837003	2026-03-22 22:33:16.837003	https://img1.hscicdn.com/image/upload/f_auto,t_h_100/lsci/db/PICTURES/CMS/339100/339150.1.png	India
938a6ddc-83ab-449a-8811-12e3b5bf2591	Shimron Hetmyer	BATSMAN	Rajasthan Royals	8	\N	2026-03-22 22:33:16.837233	2026-03-22 22:33:16.837234	https://img1.hscicdn.com/image/upload/f_auto,t_h_100/lsci/db/PICTURES/CMS/320100/320116.1.png	Guyana
a3111c45-c2e3-47e1-b438-cc4183b605f4	Tristan Stubbs	WICKET_KEEPER	Delhi Capitals	8	\N	2026-03-22 22:33:16.836701	2026-03-22 22:33:16.836702	https://img1.hscicdn.com/image/upload/f_auto,t_h_100/lsci/db/PICTURES/CMS/348500/348577.1.png	South Africa
9170a731-7b59-478b-9d55-9c06bc41e22c	Kwena Maphaka	BOWLER	Rajasthan Royals	7.5	\N	2026-03-22 22:33:16.837283	2026-03-22 22:33:16.837284	https://img1.hscicdn.com/image/upload/f_auto,t_h_100/lsci/db/PICTURES/CMS/339500/339569.6.png	South Africa
2416a831-95e5-4d16-8b02-1ddb1928a356	Mitchell Owen	ALL_ROUNDER	Punjab Kings	7	\N	2026-03-22 22:33:16.837174	2026-03-22 22:33:16.837174	https://img1.hscicdn.com/image/upload/f_auto,t_h_100/lsci/db/PICTURES/CMS/393100/393175.2.png	Australia
db2b24cb-1911-44f7-9a03-62fc56839d13	Lhuan-dre Pretorius	WICKET_KEEPER	Rajasthan Royals	7	\N	2026-03-22 22:33:16.837242	2026-03-22 22:33:16.837243	https://img1.hscicdn.com/image/upload/f_auto,t_h_100/lsci/db/PICTURES/CMS/394500/394554.2.png	South Africa
55dd72b4-ff29-4ba6-a8f5-f109cd512712	Marco Jansen	ALL_ROUNDER	Punjab Kings	9	\N	2026-03-22 22:33:16.837153	2026-03-22 22:33:16.837154	https://img1.hscicdn.com/image/upload/f_auto,t_h_100/lsci/db/PICTURES/CMS/337100/337189.1.png	South Africa
0c6c3dce-d00f-49c6-a2e2-d2a28ae448d0	Wanindu Hasaranga	ALL_ROUNDER	Lucknow Super Giants	9	\N	2026-03-22 22:33:16.837057	2026-03-22 22:33:16.837058	https://img1.hscicdn.com/image/upload/f_auto,t_h_100/lsci/db/PICTURES/CMS/322900/322946.1.png	Sri Lanka
2019be20-2d1b-45a4-91fb-68cce6ac13dd	Jofra Archer	BOWLER	Rajasthan Royals	9.5	\N	2026-03-22 22:33:16.837271	2026-03-22 22:33:16.837271	https://img1.hscicdn.com/image/upload/f_auto,t_h_100/lsci/db/PICTURES/CMS/383100/383146.1.png	England
17d7f32f-3a14-4a69-9bdc-2b14e9f21700	Vishal Nishad	BOWLER	Punjab Kings	6	\N	2026-03-22 22:33:16.837221	2026-03-22 22:33:16.837222	\N	India
27388367-0ec3-4979-be75-f9b8682c8303	Aman Rao	BATSMAN	Rajasthan Royals	6	\N	2026-03-22 22:33:16.837254	2026-03-22 22:33:16.837255	\N	India
232fc833-1779-45d2-ac90-34bb48d0d44d	Sushant Mishra	BOWLER	Rajasthan Royals	6	\N	2026-03-22 22:33:16.837314	2026-03-22 22:33:16.837315	\N	India
ae3d970d-67ca-4c04-b502-02b7115e302e	Vignesh Puthur	BOWLER	Rajasthan Royals	6	\N	2026-03-22 22:33:16.837321	2026-03-22 22:33:16.837321	\N	India
b998f7b2-0768-44d3-9673-bc15861440dd	Shashank Singh	ALL_ROUNDER	Punjab Kings	7.5	\N	2026-03-22 22:33:16.837161	2026-03-22 22:33:16.837162	https://img1.hscicdn.com/image/upload/f_auto,t_h_100/lsci/db/PICTURES/CMS/380600/380696.1.png	India
7064d2a2-ad7d-40ff-bc88-47fcaf72d1ea	Mohsin Khan	BOWLER	Lucknow Super Giants	7	\N	2026-03-22 22:33:16.837088	2026-03-22 22:33:16.837089	https://img1.hscicdn.com/image/upload/f_auto,t_h_100/lsci/db/PICTURES/CMS/397200/397280.4.png	India
1d7f40a2-e351-40d4-a6fc-4f35e8a5029f	Musheer Khan	ALL_ROUNDER	Punjab Kings	7	\N	2026-03-22 22:33:16.837169	2026-03-22 22:33:16.83717	https://img1.hscicdn.com/image/upload/f_auto,t_h_100/lsci/db/PICTURES/CMS/392100/392178.2.png	India
64ff8fad-06b5-42b1-a0e4-a03ca06be5a5	Shreyas Iyer	BATSMAN	Punjab Kings	10	\N	2026-03-22 22:33:16.83712	2026-03-22 22:33:16.83712	https://img1.hscicdn.com/image/upload/f_auto,t_h_100/lsci/db/PICTURES/CMS/323000/323035.1.png	India
6d543fca-e721-4478-bade-936014032b67	Nehal Wadhera	BATSMAN	Punjab Kings	7.5	\N	2026-03-22 22:33:16.837124	2026-03-22 22:33:16.837125	https://img1.hscicdn.com/image/upload/f_auto,t_h_100/lsci/db/PICTURES/CMS/381300/381388.1.png	India
8e86e396-96ec-4a0b-9d55-0bbb144bd147	Pyla Avinash	BATSMAN	Punjab Kings	6.5	\N	2026-03-22 22:33:16.837136	2026-03-22 22:33:16.837137	https://img1.hscicdn.com/image/upload/f_auto,t_h_100/lsci/db/PICTURES/CMS/401100/401145.2.png	India
cec1d9cb-fa6b-4a6d-8e93-a53ab701d28b	Prabhsimran Singh	WICKET_KEEPER	Punjab Kings	7	\N	2026-03-22 22:33:16.83714	2026-03-22 22:33:16.837141	https://img1.hscicdn.com/image/upload/f_auto,t_h_100/lsci/db/PICTURES/CMS/358000/358040.1.png	India
6a13577d-3f5a-4af7-8ab2-8191a0b3d4c2	Ravi Singh	BATSMAN	Rajasthan Royals	6	\N	2026-03-22 22:33:16.837258	2026-03-22 22:33:16.837259	https://img1.hscicdn.com/image/upload/f_auto,t_h_100/lsci/db/PICTURES/CMS/411200/411284.1.png	India
6dbc423a-b8b5-4a0b-aa1a-7cff0f3ef860	Akshat Raghuwanshi	BATSMAN	Lucknow Super Giants	6.5	\N	2026-03-22 22:33:16.837044	2026-03-22 22:33:16.837045	https://img1.hscicdn.com/image/upload/f_auto,t_h_100/lsci/db/PICTURES/CMS/414700/414791.4.png	India
29faeda1-9080-4b75-ac91-b7f43fa2e036	Mukul Choudhary	BATSMAN	Lucknow Super Giants	6	\N	2026-03-22 22:33:16.837048	2026-03-22 22:33:16.837049	https://img1.hscicdn.com/image/upload/f_auto,t_h_100/lsci/db/PICTURES/CMS/410600/410621.3.png	India
d0caea79-84e1-4dda-8b93-8cdfe77acd0c	Himmat Singh	BATSMAN	Lucknow Super Giants	6.5	\N	2026-03-22 22:33:16.83704	2026-03-22 22:33:16.837041	https://img1.hscicdn.com/image/upload/f_auto,t_h_100/lsci/db/PICTURES/CMS/414700/414722.5.png	India
0182c364-7efd-4fee-9857-646937bab373	Akash Singh	BOWLER	Lucknow Super Giants	6.5	\N	2026-03-22 22:33:16.837092	2026-03-22 22:33:16.837093	https://img1.hscicdn.com/image/upload/f_auto,t_h_100/lsci/db/PICTURES/CMS/299000/299091.5.png	India
622da24d-0ee9-47d9-81a5-8880f6794096	Naman Tiwari	BOWLER	Lucknow Super Giants	6	\N	2026-03-22 22:33:16.837115	2026-03-22 22:33:16.837116	https://img1.hscicdn.com/image/upload/f_auto,t_h_100/lsci/db/PICTURES/CMS/410600/410627.3.png	India
440ad4b9-6a7a-46ea-86fe-5c56a6b8f842	Vijaykumar Vyshak	BOWLER	Punjab Kings	6.5	\N	2026-03-22 22:33:16.837209	2026-03-22 22:33:16.837209	https://img1.hscicdn.com/image/upload/f_auto,t_h_100/lsci/db/PICTURES/CMS/390600/390654.2.png	India
4229ad29-e7b5-4717-9dd7-9a7eccdadeb6	Yashasvi Jaiswal	BATSMAN	Rajasthan Royals	10	\N	2026-03-22 22:33:16.837225	2026-03-22 22:33:16.837226	https://img1.hscicdn.com/image/upload/f_auto,t_h_100/lsci/db/PICTURES/CMS/340300/340309.1.png	India
7cc082a6-411a-4581-a477-c571f6e65550	Riyan Parag	BATSMAN	Rajasthan Royals	8.5	\N	2026-03-22 22:33:16.837229	2026-03-22 22:33:16.83723	https://img1.hscicdn.com/image/upload/f_auto,t_h_100/lsci/db/PICTURES/CMS/370900/370935.1.png	India
36f3fc16-cc18-4a6a-88f4-27e23dcca8ea	Arshdeep Singh	BOWLER	Punjab Kings	9	\N	2026-03-22 22:33:16.837182	2026-03-22 22:33:16.837183	https://img1.hscicdn.com/image/upload/f_auto,t_h_100/lsci/db/PICTURES/CMS/390700/390798.5.png	India
b75b8834-061b-4e29-bf09-e408f10c1a98	Avesh Khan	BOWLER	Lucknow Super Giants	8	\N	2026-03-22 22:33:16.83708	2026-03-22 22:33:16.837081	https://img1.hscicdn.com/image/upload/f_auto,t_h_100/lsci/db/PICTURES/CMS/322200/322244.1.png	India
589e07c7-71af-423d-9b80-1c844ae2f830	Yuzvendra Chahal	BOWLER	Punjab Kings	8.5	\N	2026-03-22 22:33:16.837186	2026-03-22 22:33:16.837187	https://img1.hscicdn.com/image/upload/f_auto,t_h_100/lsci/db/PICTURES/CMS/319900/319955.1.png	India
2c3f2b13-d665-41d1-a760-28ff1eebb5d0	Mayank Yadav	BOWLER	Lucknow Super Giants	8	\N	2026-03-22 22:33:16.837084	2026-03-22 22:33:16.837085	https://img1.hscicdn.com/image/upload/f_auto,t_h_100/lsci/db/PICTURES/CMS/373900/373904.1.png	India
c2d88b72-b73b-42db-a7e2-4dc21179d828	Tushar Deshpande	BOWLER	Rajasthan Royals	7.5	\N	2026-03-22 22:33:16.837279	2026-03-22 22:33:16.83728	https://img1.hscicdn.com/image/upload/f_auto,t_h_100/lsci/db/PICTURES/CMS/398600/398605.png	India
b158df80-4458-4c70-9378-5cba64961fe6	Sandeep Sharma	BOWLER	Rajasthan Royals	6.5	\N	2026-03-22 22:33:16.837302	2026-03-22 22:33:16.837304	https://img1.hscicdn.com/image/upload/f_auto,t_h_100/lsci/db/PICTURES/CMS/323000/323055.1.png	India
7a259e03-2682-4d94-85ec-c1c04a2b95cd	Prince Yadav	BOWLER	Lucknow Super Giants	6.5	\N	2026-03-22 22:33:16.837098	2026-03-22 22:33:16.837099	https://img1.hscicdn.com/image/upload/f_auto,t_h_100/lsci/db/PICTURES/CMS/398600/398611.5.png	India
57e10ee7-186e-4767-a18b-701525c4b36a	Manimaran Siddharth	BOWLER	Lucknow Super Giants	6.5	\N	2026-03-22 22:33:16.837103	2026-03-22 22:33:16.837104	https://img1.hscicdn.com/image/upload/f_auto,t_h_100/lsci/db/PICTURES/CMS/330900/330975.5.png	India
f2714be9-5ad4-4a7a-ba09-ac4bbbaa699c	Brijesh Sharma	BOWLER	Rajasthan Royals	6	\N	2026-03-22 22:33:16.837325	2026-03-22 22:33:16.837326	\N	India
721fdd4a-817c-4127-b650-e080106cf2a7	Nicholas Pooran	WICKET_KEEPER	Lucknow Super Giants	9	\N	2026-03-22 22:33:16.837015	2026-03-22 22:33:16.837016	https://img1.hscicdn.com/image/upload/f_auto,t_h_100/lsci/db/PICTURES/CMS/320100/320109.2.png	Trinidad
267aa15d-86c8-4f9e-b671-ab56afba0d83	Yash Raj Punja	BOWLER	Rajasthan Royals	6	\N	2026-03-22 22:33:16.837333	2026-03-22 22:33:16.837334	\N	India
3f7a0713-cc8d-4396-8a3a-297e1c12efec	Glenn Phillips	ALL_ROUNDER	Gujarat Titans	8.5	\N	2026-03-22 22:33:16.836819	2026-03-22 22:33:16.83682	https://img1.hscicdn.com/image/upload/f_auto,t_h_100/lsci/db/PICTURES/CMS/383100/383167.1.png	New Zealand
30d5d999-0385-4d76-9545-c1f1f89f4b40	Azmatullah Omarzai	ALL_ROUNDER	Punjab Kings	8	\N	2026-03-22 22:33:16.837157	2026-03-22 22:33:16.837158	https://img1.hscicdn.com/image/upload/f_auto,t_h_100/lsci/db/PICTURES/CMS/383200/383229.1.png	Afghanistan
27309e82-d534-4d1c-9eb3-a700b986d5ae	Lockie Ferguson	BOWLER	Punjab Kings	8.5	\N	2026-03-22 22:33:16.837192	2026-03-22 22:33:16.837193	https://img1.hscicdn.com/image/upload/f_auto,t_h_100/lsci/db/PICTURES/CMS/383100/383174.1.png	New Zealand
9a9e274d-1b97-44f0-ad36-7b3d4aca5020	Romario Shepherd	ALL_ROUNDER	Royal Challengers Bengaluru	7.5	\N	2026-03-22 22:33:16.837382	2026-03-22 22:33:16.837383	https://img1.hscicdn.com/image/upload/f_auto,t_h_100/lsci/db/PICTURES/CMS/403700/403798.2.png	West Indies
6a81a995-a464-4b0a-ac8f-05d754fa65f7	Kyle Jamieson	BOWLER	Delhi Capitals	8	\N	2026-03-22 22:33:16.836744	2026-03-22 22:33:16.836745	https://img1.hscicdn.com/image/upload/f_auto,t_h_100/lsci/db/PICTURES/CMS/321200/321236.1.png	New Zealand
5871213a-ed50-496b-bb7f-4f4c0267cc96	Nuwan Thushara	BOWLER	Royal Challengers Bengaluru	7	\N	2026-03-22 22:33:16.837412	2026-03-22 22:33:16.837413	https://img1.hscicdn.com/image/upload/f_auto,t_h_100/lsci/db/PICTURES/CMS/381300/381395.7.png	Sri Lanka
e27005de-75b0-4c22-ab7f-be6fc3794245	Mangesh Yadav	ALL_ROUNDER	Royal Challengers Bengaluru	6	\N	2026-03-22 22:33:16.837395	2026-03-22 22:33:16.837396	\N	India
6b3f085f-66ee-431c-a90d-213f3b3240b3	Tim David	BATSMAN	Royal Challengers Bengaluru	8.5	\N	2026-03-22 22:33:16.83735	2026-03-22 22:33:16.837352	https://img1.hscicdn.com/image/upload/f_auto,t_h_100/lsci/db/PICTURES/CMS/340300/340305.1.png	Singapore
4b3d5cd5-9427-4743-91cd-523033caeeec	Jacob Bethell	ALL_ROUNDER	Royal Challengers Bengaluru	8.5	\N	2026-03-22 22:33:16.837368	2026-03-22 22:33:16.837369	https://img1.hscicdn.com/image/upload/f_auto,t_h_100/lsci/db/PICTURES/CMS/388700/388704.5.png	England
fac5071d-0d81-438a-8a7d-764d9d2ca2a9	Satvik Deswal	BOWLER	Royal Challengers Bengaluru	6	\N	2026-03-22 22:33:16.837433	2026-03-22 22:33:16.837434	\N	India
6117e564-c34b-4928-8d79-67ef76a5b00f	Josh Hazlewood	BOWLER	Royal Challengers Bengaluru	9	\N	2026-03-22 22:33:16.837399	2026-03-22 22:33:16.8374	https://img1.hscicdn.com/image/upload/f_auto,t_h_100/lsci/db/PICTURES/CMS/390900/390976.5.png	Australia
79bd4670-d190-4956-bc49-a18c2051d239	Heinrich Klaasen	WICKET_KEEPER	Sunrisers Hyderabad	10	\N	2026-03-22 22:33:16.837456	2026-03-22 22:33:16.837457	https://img1.hscicdn.com/image/upload/f_auto,t_h_100/lsci/db/PICTURES/CMS/322000/322073.1.png	South Africa
4cafa6a9-8ebd-49d9-93b7-b265b2a44f5b	Phil Salt	WICKET_KEEPER	Royal Challengers Bengaluru	9.5	\N	2026-03-22 22:33:16.837345	2026-03-22 22:33:16.837346	https://img1.hscicdn.com/image/upload/f_auto,t_h_100/lsci/db/PICTURES/CMS/383100/383141.1.png	England
dbf56b68-46eb-4b84-a722-1f3cbb03600b	Ravichandran Smaran	BATSMAN	Sunrisers Hyderabad	6.5	\N	2026-03-22 22:33:16.83746	2026-03-22 22:33:16.837461	\N	India
96c135ac-b0c7-4c6a-b198-e8adde3d95dc	Salil Arora	WICKET_KEEPER	Sunrisers Hyderabad	6	\N	2026-03-22 22:33:16.837468	2026-03-22 22:33:16.837469	\N	India
c0d9f8ec-54b5-4cff-add9-45d94ec200ac	Kamindu Mendis	ALL_ROUNDER	Sunrisers Hyderabad	8	\N	2026-03-22 22:33:16.837485	2026-03-22 22:33:16.837486	https://img1.hscicdn.com/image/upload/f_auto,t_h_100/lsci/db/PICTURES/CMS/329900/329938.1.png	Sri Lanka
ed2bf9d2-206b-4c71-bd12-4185c48c835f	Krains Fuletra	ALL_ROUNDER	Sunrisers Hyderabad	6	\N	2026-03-22 22:33:16.837506	2026-03-22 22:33:16.837507	\N	India
ac52515b-f97a-4880-bcf4-e8e7d0a60c38	Shivang Kumar	ALL_ROUNDER	Sunrisers Hyderabad	6	\N	2026-03-22 22:33:16.83751	2026-03-22 22:33:16.837511	\N	India
4888bb0e-5b9a-4d09-9319-b413885b2324	Amit Kumar	BOWLER	Sunrisers Hyderabad	6	\N	2026-03-22 22:33:16.83753	2026-03-22 22:33:16.837531	\N	India
8ec22f2b-e4cf-4389-9353-dbf3ad77e627	Praful Hinge	BOWLER	Sunrisers Hyderabad	6	\N	2026-03-22 22:33:16.837534	2026-03-22 22:33:16.837535	\N	India
2b5941a4-d3c6-44c5-95d2-3c177fa81f4b	Onkar Tarmale	BOWLER	Sunrisers Hyderabad	6	\N	2026-03-22 22:33:16.837539	2026-03-22 22:33:16.837539	\N	India
0d212cbf-d27e-4733-bb5d-f642aafe65cf	Hardik Pandya	ALL_ROUNDER	Mumbai Indians	10.5	\N	2026-03-22 22:33:16.83649	2026-03-22 22:33:16.836491	https://img1.hscicdn.com/image/upload/f_auto,t_h_100/lsci/db/PICTURES/CMS/388300/388343.5.png	India
dced2512-2bdd-4662-b17c-d4166bfe98d7	Suryakumar Yadav	BATSMAN	Mumbai Indians	10	\N	2026-03-22 22:33:16.836462	2026-03-22 22:33:16.836463	https://img1.hscicdn.com/image/upload/f_auto,t_h_100/lsci/db/PICTURES/CMS/331100/331163.1.png	India
150eb62f-87a8-4693-9255-dae87879c43c	Yash Dayal	BOWLER	Royal Challengers Bengaluru	7.5	\N	2026-03-22 22:33:16.837408	2026-03-22 22:33:16.837409	https://img1.hscicdn.com/image/upload/f_auto,t_h_100/lsci/db/PICTURES/CMS/387500/387586.4.png	India
13e192a0-825e-4cf9-b2c8-032b97f8338d	Suyash Sharma	BOWLER	Royal Challengers Bengaluru	6.5	\N	2026-03-22 22:33:16.837425	2026-03-22 22:33:16.837425	https://img1.hscicdn.com/image/upload/f_auto,t_h_100/lsci/db/PICTURES/CMS/358000/358041.1.png	India
d97a40bb-3346-47c9-bb3d-2b28ab215403	Abhinandan Singh	BOWLER	Royal Challengers Bengaluru	6	\N	2026-03-22 22:33:16.837429	2026-03-22 22:33:16.83743	https://img1.hscicdn.com/image/upload/f_auto,t_h_100/lsci/db/PICTURES/CMS/399200/399250.2.png	India
2375097e-10d7-4951-86ac-123f58f2647c	Vihaan Malhotra	ALL_ROUNDER	Royal Challengers Bengaluru	6	\N	2026-03-22 22:33:16.837391	2026-03-22 22:33:16.837392	https://img1.hscicdn.com/image/upload/f_auto,t_h_100/lsci/db/PICTURES/CMS/412600/412644.5.png	India
000748d4-b04c-4955-972d-909962374f5d	Aniket Verma	BATSMAN	Sunrisers Hyderabad	6.5	\N	2026-03-22 22:33:16.837464	2026-03-22 22:33:16.837465	https://img1.hscicdn.com/image/upload/f_auto,t_h_100/lsci/db/PICTURES/CMS/399200/399246.2.png	India
74ca9921-b3a6-4cbb-b002-93eb3669999b	Sakib Hussain	BOWLER	Sunrisers Hyderabad	6	\N	2026-03-22 22:33:16.837526	2026-03-22 22:33:16.837527	https://img1.hscicdn.com/image/upload/f_auto,t_h_100/lsci/db/PICTURES/CMS/387600/387604.1.png	India
24cffd11-b453-452c-951f-5164318b8259	Zeeshan Ansari	BOWLER	Sunrisers Hyderabad	6	\N	2026-03-22 22:33:16.837543	2026-03-22 22:33:16.837544	https://img1.hscicdn.com/image/upload/f_auto,t_h_100/lsci/db/PICTURES/CMS/399200/399247.2.png	India
9afba308-817e-4959-958b-6db0708e1397	Shivam Mavi	ALL_ROUNDER	Sunrisers Hyderabad	7	\N	2026-03-22 22:33:16.837497	2026-03-22 22:33:16.837498	https://img1.hscicdn.com/image/upload/f_auto,t_h_100/lsci/db/PICTURES/CMS/341000/341042.1.png	India
ae3d5ba1-7a84-45cc-9771-1e33af8b928a	Ishan Kishan	WICKET_KEEPER	Sunrisers Hyderabad	9.5	\N	2026-03-22 22:33:16.837448	2026-03-22 22:33:16.837448	https://img1.hscicdn.com/image/upload/f_auto,t_h_100/lsci/db/PICTURES/CMS/331100/331165.1.png	India
8c0dcc3a-1c14-45a5-81cc-37905b93c15e	Rajat Patidar	BATSMAN	Royal Challengers Bengaluru	9	\N	2026-03-22 22:33:16.837341	2026-03-22 22:33:16.837342	https://img1.hscicdn.com/image/upload/f_auto,t_h_100/lsci/db/PICTURES/CMS/390500/390563.2.png	India
02974c12-5c5c-4fe0-b4dd-10a7bed1b926	Harshal Patel	ALL_ROUNDER	Sunrisers Hyderabad	8	\N	2026-03-22 22:33:16.837489	2026-03-22 22:33:16.83749	https://img1.hscicdn.com/image/upload/f_auto,t_h_100/lsci/db/PICTURES/CMS/381300/381372.1.png	India
2d79212e-3dfa-4b06-b994-fcc57140994c	Venkatesh Iyer	ALL_ROUNDER	Royal Challengers Bengaluru	8	\N	2026-03-22 22:33:16.837372	2026-03-22 22:33:16.837373	https://img1.hscicdn.com/image/upload/f_auto,t_h_100/lsci/db/PICTURES/CMS/337100/337187.1.png	India
86a1c6f7-302a-4afc-bf12-46bdc68a9757	Abhishek Sharma	ALL_ROUNDER	Sunrisers Hyderabad	8.5	\N	2026-03-22 22:33:16.837473	2026-03-22 22:33:16.837473	https://img1.hscicdn.com/image/upload/f_auto,t_h_100/lsci/db/PICTURES/CMS/358000/358037.1.png	India
d2004e60-370a-436c-9325-78652a63b668	Raj Bawa	ALL_ROUNDER	Mumbai Indians	7	\N	2026-03-22 22:33:16.83652	2026-03-22 22:33:16.836521	https://img1.hscicdn.com/image/upload/f_auto,t_h_100/lsci/db/PICTURES/CMS/339100/339156.2.png	India
cf50a385-48cd-4b6a-8e8f-55b7c1a67e90	Jitesh Sharma	WICKET_KEEPER	Royal Challengers Bengaluru	7	\N	2026-03-22 22:33:16.837364	2026-03-22 22:33:16.837364	https://img1.hscicdn.com/image/upload/f_auto,t_h_100/lsci/db/PICTURES/CMS/380600/380690.1.png	India
a0f65f74-65e9-453e-aefb-debe2b78e013	Rahul Tewatia	ALL_ROUNDER	Gujarat Titans	7.5	\N	2026-03-22 22:33:16.836827	2026-03-22 22:33:16.836828	https://img1.hscicdn.com/image/upload/f_auto,t_h_100/lsci/db/PICTURES/CMS/322200/322269.1.png	India
b7a4871d-efb1-470a-a13f-16f776dda384	Rasikh Salam	BOWLER	Royal Challengers Bengaluru	6.5	\N	2026-03-22 22:33:16.83742	2026-03-22 22:33:16.837421	https://img1.hscicdn.com/image/upload/f_auto,t_h_100/lsci/db/PICTURES/CMS/341000/341040.1.png	India
9587be1d-a1b8-4777-afdb-a4104d0493c8	Swapnil Singh	BOWLER	Royal Challengers Bengaluru	6	\N	2026-03-22 22:33:16.837437	2026-03-22 22:33:16.837438	https://img1.hscicdn.com/image/upload/f_auto,t_h_100/lsci/db/PICTURES/CMS/384200/384254.1.png	India
48f92514-c0e2-4aaa-a4e5-8643114f3ad4	Shreyas Gopal	BOWLER	Chennai Super Kings	7	\N	2026-03-22 22:33:16.836657	2026-03-22 22:33:16.836658	https://img1.hscicdn.com/image/upload/f_auto,t_h_100/lsci/db/PICTURES/CMS/322200/322275.1.png	India
0038561c-8531-426b-8d58-bfaba83a0ad3	Gurnoor Brar	BOWLER	Gujarat Titans	7	\N	2026-03-22 22:33:16.836874	2026-03-22 22:33:16.836875	https://img1.hscicdn.com/image/upload/f_auto,t_h_100/lsci/db/PICTURES/CMS/359700/359764.1.png	India
d7684960-0c8f-4f0d-85a0-1e45d258a002	Kartik Sharma	WICKET_KEEPER	Chennai Super Kings	6	\N	2026-03-22 22:33:16.836599	2026-03-22 22:33:16.8366	https://img1.hscicdn.com/image/upload/f_auto,t_h_100/lsci/db/PICTURES/CMS/390800/390871.2.png	India
90007fb1-86eb-4b94-b40d-17010d866b3c	Aman Khan	ALL_ROUNDER	Chennai Super Kings	7	\N	2026-03-22 22:33:16.836628	2026-03-22 22:33:16.836629	https://img1.hscicdn.com/image/upload/f_auto,t_h_100/lsci/db/PICTURES/CMS/414300/414333.2.png	India
f35fef1f-a2f9-4f7e-8e45-6b9496b1e412	Mayank Rawat	ALL_ROUNDER	Mumbai Indians	6.5	\N	2026-03-22 22:33:16.836529	2026-03-22 22:33:16.83653	https://img1.hscicdn.com/image/upload/f_auto,t_h_100/lsci/db/PICTURES/CMS/414700/414795.5.png	India
7007d5b2-a3e0-4c01-bf22-1c88bd7ea80e	Mayank Markande	BOWLER	Mumbai Indians	7	\N	2026-03-22 22:33:16.836553	2026-03-22 22:33:16.836553	https://img1.hscicdn.com/image/upload/f_auto,t_h_100/lsci/db/PICTURES/CMS/355400/355403.1.png	India
25a07494-66bf-42ac-9a9c-4c08e302e14e	Kumar Kushagra	WICKET_KEEPER	Gujarat Titans	6.5	\N	2026-03-22 22:33:16.836802	2026-03-22 22:33:16.836803	https://img1.hscicdn.com/image/upload/f_auto,t_h_100/lsci/db/PICTURES/CMS/398600/398618.5.png	India
b2a94b65-d12f-4f29-a734-ce0d8fed40ba	Shubham Dubey	BATSMAN	Rajasthan Royals	6.5	\N	2026-03-22 22:33:16.83725	2026-03-22 22:33:16.837251	https://img1.hscicdn.com/image/upload/f_auto,t_h_100/lsci/db/PICTURES/CMS/398200/398224.5.png	India
5d4dd9eb-467c-4398-aff9-50670603d632	Bhuvneshwar Kumar	BOWLER	Royal Challengers Bengaluru	8	\N	2026-03-22 22:33:16.837404	2026-03-22 22:33:16.837405	https://img1.hscicdn.com/image/upload/f_auto,t_h_100/lsci/db/PICTURES/CMS/392400/392400.2.png	India
ecd9c797-f257-4417-ab2b-91ecaf1c971a	Raghu Sharma	BOWLER	Mumbai Indians	6.5	\N	2026-03-22 22:33:16.836565	2026-03-22 22:33:16.836566	https://img1.hscicdn.com/image/upload/f_auto,t_h_100/lsci/db/PICTURES/CMS/400200/400220.2.png	India
ef34e8b5-8f00-4d8d-a138-dfea20b0470a	Priyansh Arya	BATSMAN	Punjab Kings	7	\N	2026-03-22 22:33:16.837128	2026-03-22 22:33:16.837129	https://img1.hscicdn.com/image/upload/f_auto,t_h_100/lsci/db/PICTURES/CMS/391700/391706.2.png	India
47985b40-6553-404a-bd18-2da1abd44025	Harnoor Singh	BATSMAN	Punjab Kings	6.5	\N	2026-03-22 22:33:16.837132	2026-03-22 22:33:16.837133	https://img1.hscicdn.com/image/upload/f_auto,t_h_100/lsci/db/PICTURES/CMS/338200/338253.5.png	India
6312bfd6-97e9-426e-88cd-1d5395c37522	Vishnu Vinod	WICKET_KEEPER	Punjab Kings	6.5	\N	2026-03-22 22:33:16.837144	2026-03-22 22:33:16.837145	https://img1.hscicdn.com/image/upload/f_auto,t_h_100/lsci/db/PICTURES/CMS/359700/359774.1.png	India
8806a5d0-3968-479d-ae6d-fac00895b382	Vaibhav Sooryavanshi	BATSMAN	Rajasthan Royals	7	\N	2026-03-22 22:33:16.837246	2026-03-22 22:33:16.837247	https://img1.hscicdn.com/image/upload/f_auto,t_h_100/lsci/db/PICTURES/CMS/412600/412631.2.png	India
7a2f9df4-828f-4e18-8cc0-613b98607785	Abdul Samad	BATSMAN	Lucknow Super Giants	7	\N	2026-03-22 22:33:16.837036	2026-03-22 22:33:16.837037	https://img1.hscicdn.com/image/upload/f_auto,t_h_100/lsci/db/PICTURES/CMS/339100/339145.1.png	India
fdf0a445-65ec-4932-8171-9dbacff3d7e0	Suryansh Shedge	ALL_ROUNDER	Punjab Kings	6.5	\N	2026-03-22 22:33:16.837178	2026-03-22 22:33:16.837178	https://img1.hscicdn.com/image/upload/f_auto,t_h_100/lsci/db/PICTURES/CMS/393100/393181.2.png	India
35d88f1b-b1b3-43ea-b003-9495970b5279	Vicky Ostwal	BOWLER	Royal Challengers Bengaluru	6	\N	2026-03-22 22:33:16.837441	2026-03-22 22:33:16.837442	https://img1.hscicdn.com/image/upload/f_auto,t_h_100/lsci/db/PICTURES/CMS/408800/408829.png	India
05e50d7d-d416-4ccb-816d-29feccd34089	Gurjapneet Singh	BOWLER	Chennai Super Kings	6.5	\N	2026-03-22 22:33:16.836661	2026-03-22 22:33:16.836662	https://img1.hscicdn.com/image/upload/f_auto,t_h_100/lsci/db/PICTURES/CMS/362500/362596.6.png	India
cd86a687-deb2-4fd3-84ba-1b4ff3acc117	Matt Henry	BOWLER	Chennai Super Kings	8	\N	2026-03-22 22:33:16.83664	2026-03-22 22:33:16.836641	https://img1.hscicdn.com/image/upload/f_auto,t_h_100/lsci/db/PICTURES/CMS/383100/383178.1.png	New Zealand
29159df2-ab95-4a95-8ad9-e100b2c76b4a	Finn Allen	BATSMAN	Kolkata Knight Riders	8.5	\N	2026-03-22 22:33:16.836912	2026-03-22 22:33:16.836913	https://img1.hscicdn.com/image/upload/f_auto,t_h_100/lsci/db/PICTURES/CMS/383100/383164.1.png	New Zealand
8552cdb4-bfed-4e20-86c5-945bfef5cf4f	Pathum Nissanka	BATSMAN	Delhi Capitals	8	\N	2026-03-22 22:33:16.836689	2026-03-22 22:33:16.83669	https://img1.hscicdn.com/image/upload/f_auto,t_h_100/lsci/db/PICTURES/CMS/323000/323070.1.png	Sri Lanka
de8e1a67-282f-453d-b3b6-2b5a13888cad	Rovman Powell	BATSMAN	Kolkata Knight Riders	8	\N	2026-03-22 22:33:16.836916	2026-03-22 22:33:16.836917	https://img1.hscicdn.com/image/upload/f_auto,t_h_100/lsci/db/PICTURES/CMS/322100/322172.1.png	West Indies
a3b2c87a-ffec-4e2e-bca9-a83b8c0ddbe2	Ryan Rickelton	WICKET_KEEPER	Mumbai Indians	8	\N	2026-03-22 22:33:16.836473	2026-03-22 22:33:16.836474	https://img1.hscicdn.com/image/upload/f_auto,t_h_100/lsci/db/PICTURES/CMS/366300/366321.1.png	South Africa
eea25640-f0c3-4e54-9dec-84922611a4f4	Aiden Markram	BATSMAN	Lucknow Super Giants	8.5	\N	2026-03-22 22:33:16.837019	2026-03-22 22:33:16.83702	https://img1.hscicdn.com/image/upload/f_auto,t_h_100/lsci/db/PICTURES/CMS/322000/322067.1.png	South Africa
b3f263ee-7958-437b-baad-cb25ea712fad	Cooper Connolly	ALL_ROUNDER	Punjab Kings	7.5	\N	2026-03-22 22:33:16.837165	2026-03-22 22:33:16.837166	https://img1.hscicdn.com/image/upload/f_auto,t_h_100/lsci/db/PICTURES/CMS/347800/347820.1.png	Australia
d28a53cd-c74f-491c-8c4d-358848912948	Noor Ahmad	BOWLER	Chennai Super Kings	7.5	\N	2026-03-22 22:33:16.836653	2026-03-22 22:33:16.836654	https://img1.hscicdn.com/image/upload/f_auto,t_h_100/lsci/db/PICTURES/CMS/383200/383239.1.png	Afghanistan
ff8c47b7-3686-466c-83ad-b04acf407253	Blessing Muzarabani	BOWLER	Kolkata Knight Riders	7.5	\N	2026-03-22 22:33:16.836985	2026-03-22 22:33:16.836986	https://img1.hscicdn.com/image/upload/f_auto,t_h_100/lsci/db/PICTURES/CMS/321400/321471.1.png	Zimbabwe
f94456df-2768-4447-8341-2332eb8376eb	Xavier Bartlett	BOWLER	Punjab Kings	7.5	\N	2026-03-22 22:33:16.837196	2026-03-22 22:33:16.837197	https://img1.hscicdn.com/image/upload/f_auto,t_h_100/lsci/db/PICTURES/CMS/390700/390741.2.png	Australia
f40f3ec6-4cd0-4cba-b61d-c71beaa5414f	Nandre Burger	BOWLER	Rajasthan Royals	7	\N	2026-03-22 22:33:16.837291	2026-03-22 22:33:16.837292	https://img1.hscicdn.com/image/upload/f_auto,t_h_100/lsci/db/PICTURES/CMS/388400/388421.5.png	South Africa
a1a9bf3a-6d41-4f41-b853-2040b1cca7a6	Adam Milne	BOWLER	Rajasthan Royals	7	\N	2026-03-22 22:33:16.837287	2026-03-22 22:33:16.837288	https://img1.hscicdn.com/image/upload/f_auto,t_h_100/lsci/db/PICTURES/CMS/316600/316689.1.png	New Zealand
e33927a1-6896-41d4-9208-aed820e46f8c	David Payne	BOWLER	Sunrisers Hyderabad	6	\N	2026-03-28 21:45:47.386481	2026-03-28 21:45:47.386481	\N	Overseas
1d5e1ad3-fc62-4ca3-88f2-e3c21553e16d	Ajay Mandal	ALL_ROUNDER	Delhi Capitals	6.5	\N	2026-03-22 22:33:16.836727	2026-03-22 22:33:16.836728	https://img1.hscicdn.com/image/upload/f_auto,t_h_100/lsci/db/PICTURES/CMS/397400/397422.4.png	India
32c7dd62-8a93-4fc9-8fd9-44a047434c07	Madhav Tiwari	ALL_ROUNDER	Delhi Capitals	6.5	\N	2026-03-22 22:33:16.836731	2026-03-22 22:33:16.836732	https://img1.hscicdn.com/image/upload/f_auto,t_h_100/lsci/db/PICTURES/CMS/397400/397423.7.png	India
ebedb2d8-4bbe-4858-8993-5a5e07894a7f	Tripurana Vijay	BOWLER	Delhi Capitals	6	\N	2026-03-22 22:33:16.836773	2026-03-22 22:33:16.836774	https://img1.hscicdn.com/image/upload/f_auto,t_h_100/lsci/db/PICTURES/CMS/397400/397428.4.png	India
4472c735-0b87-4d0c-bc7d-b5d5ba357c2f	Ashok Sharma	BOWLER	Gujarat Titans	6	\N	2026-03-22 22:33:16.836891	2026-03-22 22:33:16.836892	https://img1.hscicdn.com/image/upload/f_auto,t_h_100/lsci/db/PICTURES/CMS/341000/341036.1.png	India
2e3e071e-1c7e-422c-804b-9ee164ed41ab	Daksh Kamra	ALL_ROUNDER	Kolkata Knight Riders	6.5	\N	2026-03-22 22:33:16.836969	2026-03-22 22:33:16.83697	https://img1.hscicdn.com/image/upload/f_auto,t_h_100/lsci/db/PICTURES/CMS/414300/414335.2.png	India
84971733-0ef9-4db5-bca4-5a1db0e1fcbf	Prashant Solanki	BOWLER	Kolkata Knight Riders	6.5	\N	2026-03-22 22:33:16.837007	2026-03-22 22:33:16.837008	https://img1.hscicdn.com/image/upload/f_auto,t_h_100/lsci/db/PICTURES/CMS/409800/409817.png	India
d2994d13-bbc0-4eb4-89cd-c7d0e800eb47	Arshin Kulkarni	ALL_ROUNDER	Lucknow Super Giants	6.5	\N	2026-03-22 22:33:16.837067	2026-03-22 22:33:16.837068	https://img1.hscicdn.com/image/upload/f_auto,t_h_100/lsci/db/PICTURES/CMS/409100/409181.1.png	India
0d880dd8-7089-4de0-8a04-7e0f56a014cb	Arjun Tendulkar	BOWLER	Lucknow Super Giants	6	\N	2026-03-22 22:33:16.837111	2026-03-22 22:33:16.837112	https://img1.hscicdn.com/image/upload/f_auto,t_h_100/lsci/db/PICTURES/CMS/359700/359770.1.png	India
1c10b310-c3b9-4f70-a6c8-c381c3f1fcff	Praveen Dubey	BOWLER	Punjab Kings	6.5	\N	2026-03-22 22:33:16.837217	2026-03-22 22:33:16.837218	https://img1.hscicdn.com/image/upload/f_auto,t_h_100/lsci/db/PICTURES/CMS/398600/398622.4.png	India
d0ea551f-11cd-4952-9829-d64791302458	Yash Thakur	BOWLER	Punjab Kings	6.5	\N	2026-03-22 22:33:16.837213	2026-03-22 22:33:16.837214	https://img1.hscicdn.com/image/upload/f_auto,t_h_100/lsci/db/PICTURES/CMS/392800/392812.2.png	India
2ba641d1-2339-4b82-9286-7398edefd0bc	Yudhvir Singh	BOWLER	Rajasthan Royals	6	\N	2026-03-22 22:33:16.837329	2026-03-22 22:33:16.83733	https://img1.hscicdn.com/image/upload/f_auto,t_h_100/lsci/db/PICTURES/CMS/314700/314789.jpg	India
4f0379a7-7998-4568-b116-4297588b4bb3	Harsh Dubey	ALL_ROUNDER	Sunrisers Hyderabad	6.5	\N	2026-03-22 22:33:16.837502	2026-03-22 22:33:16.837502	https://img1.hscicdn.com/image/upload/f_auto,t_h_100/lsci/db/PICTURES/CMS/401100/401146.2.png	India
60b72bbd-5839-4545-afc9-ae9d28d3ac8a	Kanishk Chouhan	ALL_ROUNDER	Royal Challengers Bengaluru	6.5	\N	2026-03-22 22:33:16.837387	2026-03-22 22:33:16.837388	https://img1.hscicdn.com/image/upload/f_auto,t_h_100/lsci/db/PICTURES/CMS/412600/412643.5.png	India
b6874254-7723-41fb-bb7e-4801f45b7809	Jasprit Bumrah	BOWLER	Mumbai Indians	10.5	\N	2026-03-22 22:33:16.836536	2026-03-22 22:33:16.836537	https://img1.hscicdn.com/image/upload/f_auto,t_h_100/lsci/db/PICTURES/CMS/319900/319940.2.png	India
8a04b605-57e4-4cd9-b9ad-7940a29d87fc	Rohit Sharma	BATSMAN	Mumbai Indians	10	\N	2026-03-22 22:33:16.83645	2026-03-22 22:33:16.836454	https://img1.hscicdn.com/image/upload/f_auto,t_h_100/lsci/db/PICTURES/CMS/385800/385819.2.png	India
b5110f41-abb7-4653-915b-96a4b9fd49c9	Sanju Samson	WICKET_KEEPER	Chennai Super Kings	9.5	\N	2026-03-22 22:33:16.836574	2026-03-22 22:33:16.836575	https://img1.hscicdn.com/image/upload/f_auto,t_h_100/lsci/db/PICTURES/CMS/322700/322701.1.png	India
bb0c4332-ee06-4338-b133-da26b7580128	Sai Sudharsan	BATSMAN	Gujarat Titans	8.5	\N	2026-03-22 22:33:16.836785	2026-03-22 22:33:16.836786	https://img1.hscicdn.com/image/upload/f_auto,t_h_100/lsci/db/PICTURES/CMS/390600/390648.2.png	India
1bb75520-8ab1-4163-be17-ef569e787600	Abishek Porel	WICKET_KEEPER	Delhi Capitals	7	\N	2026-03-22 22:33:16.836706	2026-03-22 22:33:16.836707	https://img1.hscicdn.com/image/upload/f_auto,t_h_100/lsci/db/PICTURES/CMS/393400/393462.2.png	India
417f3324-70eb-4046-b9dc-5eafd1014baf	Sarfaraz Khan	BATSMAN	Chennai Super Kings	8.5	\N	2026-03-22 22:33:16.836582	2026-03-22 22:33:16.836583	https://img1.hscicdn.com/image/upload/f_auto,t_h_100/lsci/db/PICTURES/CMS/393600/393683.2.png	India
810ec55e-baeb-46ed-8165-81084dda46ba	Ravindra Jadeja	ALL_ROUNDER	Rajasthan Royals	9.5	\N	2026-03-22 22:33:16.837262	2026-03-22 22:33:16.837263	https://img1.hscicdn.com/image/upload/f_auto,t_h_100/lsci/db/PICTURES/CMS/316600/316600.2.png	India
e7f89cbd-260c-4995-b0df-5b0a4763b2df	Rinku Singh	BATSMAN	Kolkata Knight Riders	9	\N	2026-03-22 22:33:16.836908	2026-03-22 22:33:16.836908	https://img1.hscicdn.com/image/upload/f_auto,t_h_100/lsci/db/PICTURES/CMS/341000/341043.1.png	India
37ac1b02-dd2d-40aa-8cd6-e729b0e391ac	Dhruv Jurel	WICKET_KEEPER	Rajasthan Royals	8	\N	2026-03-22 22:33:16.837237	2026-03-22 22:33:16.837238	https://img1.hscicdn.com/image/upload/f_auto,t_h_100/lsci/db/PICTURES/CMS/340300/340310.1.png	India
2d792110-8dec-4e00-b361-0e60c9144bab	Manish Pandey	BATSMAN	Kolkata Knight Riders	7.5	\N	2026-03-22 22:33:16.83692	2026-03-22 22:33:16.836921	https://img1.hscicdn.com/image/upload/f_auto,t_h_100/lsci/db/PICTURES/CMS/323000/323052.1.png	India
c4b2941f-7342-4f43-aaf1-2e624b4a96fb	Manav Suthar	ALL_ROUNDER	Gujarat Titans	7	\N	2026-03-22 22:33:16.836831	2026-03-22 22:33:16.836832	https://img1.hscicdn.com/image/upload/f_auto,t_h_100/lsci/db/PICTURES/CMS/398600/398616.5.png	India
65b745a0-2c15-4567-a53e-937880bff4fc	Angkrish Raghuvanshi	BATSMAN	Kolkata Knight Riders	7	\N	2026-03-22 22:33:16.836928	2026-03-22 22:33:16.836929	https://img1.hscicdn.com/image/upload/f_auto,t_h_100/lsci/db/PICTURES/CMS/345000/345093.1.png	India
c9e73ce4-4241-45f9-9253-c0487f113b65	Sarthak Ranjan	BATSMAN	Kolkata Knight Riders	6.5	\N	2026-03-22 22:33:16.836936	2026-03-22 22:33:16.836937	https://img1.hscicdn.com/image/upload/f_auto,t_h_100/lsci/db/PICTURES/CMS/414300/414334.2.png	India
2c7f6870-03f6-4b86-b7eb-a6a566d2540f	Virat Kohli	BATSMAN	Royal Challengers Bengaluru	10.5	\N	2026-03-22 22:33:16.837337	2026-03-22 22:33:16.837338	https://img1.hscicdn.com/image/upload/f_auto,t_h_100/lsci/db/PICTURES/CMS/316600/316605.3.png	India
2b7124e1-fb51-40c6-99ae-85024355159f	Nitish Kumar Reddy	ALL_ROUNDER	Sunrisers Hyderabad	8.5	\N	2026-03-22 22:33:16.837477	2026-03-22 22:33:16.837478	https://img1.hscicdn.com/image/upload/f_auto,t_h_100/lsci/db/PICTURES/CMS/390600/390655.2.png	India
256ad840-c187-44d0-b0af-2c6d226102c8	Krunal Pandya	ALL_ROUNDER	Royal Challengers Bengaluru	7.5	\N	2026-03-22 22:33:16.837376	2026-03-22 22:33:16.837377	https://img1.hscicdn.com/image/upload/f_auto,t_h_100/lsci/db/PICTURES/CMS/322600/322614.1.png	India
6435ca71-182d-47b7-86f0-df52c9b527c1	Devdutt Padikkal	BATSMAN	Royal Challengers Bengaluru	8	\N	2026-03-22 22:33:16.837355	2026-03-22 22:33:16.837356	https://img1.hscicdn.com/image/upload/f_auto,t_h_100/lsci/db/PICTURES/CMS/322200/322229.1.png	India
dd40dd5e-560a-4f6e-b245-e2304834861d	KL Rahul	WICKET_KEEPER	Delhi Capitals	10	\N	2026-03-22 22:33:16.836669	2026-03-22 22:33:16.83667	https://img1.hscicdn.com/image/upload/f_auto,t_h_100/lsci/db/PICTURES/CMS/319900/319942.3.png	India
d03d47a8-1008-4c3f-8bac-5aa69137e06c	Matthew Short	ALL_ROUNDER	Chennai Super Kings	8.5	\N	2026-03-22 22:33:16.836607	2026-03-22 22:33:16.836608	https://img1.hscicdn.com/image/upload/f_auto,t_h_100/lsci/db/PICTURES/CMS/384200/384252.1.png	Australia
266aa2ad-59d2-44a2-b0a9-327da73630b3	Matthew Breetzke	BATSMAN	Lucknow Super Giants	7	\N	2026-03-22 22:33:16.837032	2026-03-22 22:33:16.837033	https://img1.hscicdn.com/image/upload/f_auto,t_h_100/lsci/db/PICTURES/CMS/388400/388422.5.png	South Africa
97c9d396-a7d3-4a8e-8156-6a08eea15289	Ben Dwarshuis	BOWLER	Punjab Kings	7	\N	2026-03-22 22:33:16.837204	2026-03-22 22:33:16.837205	https://img1.hscicdn.com/image/upload/f_auto,t_h_100/lsci/db/PICTURES/CMS/390000/390030.6.png	Australia
b363f0b3-c0d7-4154-8ee3-e9073beb450e	Jordan Cox	WICKET_KEEPER	Royal Challengers Bengaluru	7	\N	2026-03-22 22:33:16.837359	2026-03-22 22:33:16.83736	https://img1.hscicdn.com/image/upload/f_auto,t_h_100/lsci/db/PICTURES/CMS/325900/325912.1.png	England
05bfbb0d-2bb6-4eed-ad26-f69f0483d8ac	Kuldeep Yadav	BOWLER	Delhi Capitals	9	\N	2026-03-22 22:33:16.83674	2026-03-22 22:33:16.83674	https://img1.hscicdn.com/image/upload/f_auto,t_h_100/lsci/db/PICTURES/CMS/319900/319943.2.png	India
6adab827-1af0-4e12-a17b-d2728b9c5d55	Khaleel Ahmed	BOWLER	Chennai Super Kings	8.5	\N	2026-03-22 22:33:16.836636	2026-03-22 22:33:16.836637	https://img1.hscicdn.com/image/upload/f_auto,t_h_100/lsci/db/PICTURES/CMS/322200/322268.1.png	India
39a32867-e0c5-4d10-b42c-8832e73dccbe	Nitish Rana	BATSMAN	Delhi Capitals	7.5	\N	2026-03-22 22:33:16.836697	2026-03-22 22:33:16.836698	https://img1.hscicdn.com/image/upload/f_auto,t_h_100/lsci/db/PICTURES/CMS/323000/323054.1.png	India
c825cf09-c692-4dd9-ba22-436af4ae7c3a	Mohammed Siraj	BOWLER	Gujarat Titans	9	\N	2026-03-22 22:33:16.836844	2026-03-22 22:33:16.836845	https://img1.hscicdn.com/image/upload/f_auto,t_h_100/lsci/db/PICTURES/CMS/322600/322611.1.png	India
13b8d82a-405f-44f2-8d6f-31b984fc8506	Mohammed Shami	BOWLER	Lucknow Super Giants	9	\N	2026-03-22 22:33:16.837071	2026-03-22 22:33:16.837072	https://img1.hscicdn.com/image/upload/f_auto,t_h_100/lsci/db/PICTURES/CMS/390300/390351.5.png	India
d7a09844-884a-4a23-9a84-5c5b9e4891b7	Harshit Rana	BOWLER	Kolkata Knight Riders	8	\N	2026-03-22 22:33:16.836981	2026-03-22 22:33:16.836982	https://img1.hscicdn.com/image/upload/f_auto,t_h_100/lsci/db/PICTURES/CMS/358000/358042.3.png	India
bc1dcb1a-f218-4af8-b61d-d2e0c567c2d5	Umran Malik	BOWLER	Kolkata Knight Riders	7.5	\N	2026-03-22 22:33:16.836994	2026-03-22 22:33:16.836995	https://img1.hscicdn.com/image/upload/f_auto,t_h_100/lsci/db/PICTURES/CMS/343200/343263.1.png	India
91c857d7-0e47-4fec-abba-1c7308e3f8b5	Shahbaz Ahmed	ALL_ROUNDER	Lucknow Super Giants	7.5	\N	2026-03-22 22:33:16.837061	2026-03-22 22:33:16.837062	https://img1.hscicdn.com/image/upload/f_auto,t_h_100/lsci/db/PICTURES/CMS/340300/340313.1.png	India
dd6daa88-c207-46fe-b38c-adeb006aa079	Ishant Sharma	BOWLER	Gujarat Titans	7	\N	2026-03-22 22:33:16.836868	2026-03-22 22:33:16.836869	https://img1.hscicdn.com/image/upload/f_auto,t_h_100/lsci/db/PICTURES/CMS/316600/316602.3.png	India
77d338f9-c921-428d-aea8-76d2131236f8	Vaibhav Arora	BOWLER	Kolkata Knight Riders	7	\N	2026-03-22 22:33:16.836998	2026-03-22 22:33:16.836999	https://img1.hscicdn.com/image/upload/f_auto,t_h_100/lsci/db/PICTURES/CMS/389500/389547.5.png	India
0befddc3-deb0-4db6-86c0-343ba53c8d23	Ravi Bishnoi	BOWLER	Rajasthan Royals	8	\N	2026-03-22 22:33:16.837275	2026-03-22 22:33:16.837276	https://img1.hscicdn.com/image/upload/f_auto,t_h_100/lsci/db/PICTURES/CMS/337100/337188.1.png	India
3a845c6a-cd83-4011-8dcc-bd710401a20f	Jaydev Unadkat	BOWLER	Sunrisers Hyderabad	7	\N	2026-03-22 22:33:16.837518	2026-03-22 22:33:16.837519	https://img1.hscicdn.com/image/upload/f_auto,t_h_100/lsci/db/PICTURES/CMS/399700/399715.2.png	India
13d37263-cd8e-4a2a-b910-a222c3d9632d	Harpreet Brar	BOWLER	Punjab Kings	7	\N	2026-03-22 22:33:16.8372	2026-03-22 22:33:16.837201	https://img1.hscicdn.com/image/upload/f_auto,t_h_100/lsci/db/PICTURES/CMS/381300/381368.1.png	India
82e5d058-ac16-4613-888b-3ab4136b7cf1	Kuldeep Sen	BOWLER	Rajasthan Royals	6.5	\N	2026-03-22 22:33:16.837309	2026-03-22 22:33:16.83731	https://img1.hscicdn.com/image/upload/f_auto,t_h_100/lsci/db/PICTURES/CMS/398600/398620.4.png	India
f2174a7e-d732-4f51-92c4-f6d8ba0395b0	Digvesh Rathi	BOWLER	Lucknow Super Giants	6	\N	2026-03-22 22:33:16.837107	2026-03-22 22:33:16.837108	https://img1.hscicdn.com/image/upload/f_auto,t_h_100/lsci/db/PICTURES/CMS/398600/398608.5.png	India
4f6e10b1-9db6-4498-8391-d00f2d42a2a4	Donovan Ferreira	ALL_ROUNDER	Rajasthan Royals	7	\N	2026-03-22 22:33:16.837266	2026-03-22 22:33:16.837267	https://img1.hscicdn.com/image/upload/f_auto,t_h_100/lsci/db/PICTURES/CMS/406000/406033.png	South Africa
554a10ae-af7c-4c97-b162-4a569e323d6a	Jacob Duffy	BOWLER	Royal Challengers Bengaluru	7	\N	2026-03-22 22:33:16.837416	2026-03-22 22:33:16.837417	https://img1.hscicdn.com/image/upload/f_auto,t_h_100/lsci/db/PICTURES/CMS/387100/387134.5.png	New Zealand
5d6fa87e-094b-4882-85f1-93d1bf6d0934	Dewald Brevis	BATSMAN	Chennai Super Kings	8	\N	2026-03-22 22:33:16.836586	2026-03-22 22:33:16.836587	https://img1.hscicdn.com/image/upload/f_auto,t_h_100/lsci/db/PICTURES/CMS/335100/335134.1.png	South Africa
7c28fe6d-01ee-4649-a67c-59d76991b642	Sherfane Rutherford	BATSMAN	Mumbai Indians	8	\N	2026-03-22 22:33:16.836482	2026-03-22 22:33:16.836483	https://img1.hscicdn.com/image/upload/f_auto,t_h_100/lsci/db/PICTURES/CMS/322100/322173.1.png	Guyana
570bed4a-ba80-4ba0-b02e-7a414ed4a119	Cameron Green	ALL_ROUNDER	Kolkata Knight Riders	9	\N	2026-03-22 22:33:16.836956	2026-03-22 22:33:16.836957	https://img1.hscicdn.com/image/upload/f_auto,t_h_100/lsci/db/PICTURES/CMS/321500/321569.2.png	Australia
af6e0592-fc5c-4515-a487-10a23baff184	Trent Boult	BOWLER	Mumbai Indians	9	\N	2026-03-22 22:33:16.83654	2026-03-22 22:33:16.836541	https://img1.hscicdn.com/image/upload/f_auto,t_h_100/lsci/db/PICTURES/CMS/383100/383185.1.png	New Zealand
22243bb9-23bc-470c-9e46-fa55ee101687	Jason Holder	ALL_ROUNDER	Gujarat Titans	8.5	\N	2026-03-22 22:33:16.836815	2026-03-22 22:33:16.836816	https://img1.hscicdn.com/image/upload/f_auto,t_h_100/lsci/db/PICTURES/CMS/316600/316673.1.png	West Indies
c969ed10-fa65-4e14-b3e6-d9f24cd3d6f5	Mitchell Marsh	ALL_ROUNDER	Lucknow Super Giants	9	\N	2026-03-22 22:33:16.837052	2026-03-22 22:33:16.837053	https://img1.hscicdn.com/image/upload/f_auto,t_h_100/lsci/db/PICTURES/CMS/385700/385798.1.png	Australia
1f5dfe7b-fc5d-4aba-a974-fe8bb503feed	Anrich Nortje	BOWLER	Lucknow Super Giants	8.5	\N	2026-03-22 22:33:16.837075	2026-03-22 22:33:16.837076	https://img1.hscicdn.com/image/upload/f_auto,t_h_100/lsci/db/PICTURES/CMS/322000/322080.1.png	South Africa
72de27c6-947c-4108-a172-6a2757ec876d	Travis Head	BATSMAN	Sunrisers Hyderabad	10	\N	2026-03-22 22:33:16.837452	2026-03-22 22:33:16.837453	https://img1.hscicdn.com/image/upload/f_auto,t_h_100/lsci/db/PICTURES/CMS/321500/321584.2.png	Australia
6389c264-5aa4-4ca1-b2d7-a49a3e289626	Pat Cummins	BOWLER	Sunrisers Hyderabad	10	\N	2026-03-22 22:33:16.837514	2026-03-22 22:33:16.837515	https://img1.hscicdn.com/image/upload/f_auto,t_h_100/lsci/db/PICTURES/CMS/390900/390954.5.png	Australia
48aba537-4296-4b84-aa72-99aeb0d4aa38	Rashid Khan	ALL_ROUNDER	Gujarat Titans	10	\N	2026-03-22 22:33:16.83681	2026-03-22 22:33:16.836811	https://img1.hscicdn.com/image/upload/f_auto,t_h_100/lsci/db/PICTURES/CMS/383200/383228.1.png	Afghanistan
20f836d9-8210-41d9-abde-08831b8c21c2	Mitchell Starc	BOWLER	Delhi Capitals	10	\N	2026-03-22 22:33:16.836735	2026-03-22 22:33:16.836736	https://img1.hscicdn.com/image/upload/f_auto,t_h_100/lsci/db/PICTURES/CMS/390900/390978.5.png	Australia
4bc302eb-4a78-4b2f-a1af-4dc9156938a7	Liam Livingstone	ALL_ROUNDER	Sunrisers Hyderabad	9	\N	2026-03-22 22:33:16.837481	2026-03-22 22:33:16.837482	https://img1.hscicdn.com/image/upload/f_auto,t_h_100/lsci/db/PICTURES/CMS/383100/383152.1.png	England
8aa42e8b-d462-495b-acc2-0810b11b5eba	Sunil Narine	ALL_ROUNDER	Kolkata Knight Riders	9.5	\N	2026-03-22 22:33:16.836952	2026-03-22 22:33:16.836953	https://img1.hscicdn.com/image/upload/f_auto,t_h_100/lsci/db/PICTURES/CMS/320100/320119.1.png	Trinidad
20967e9a-48c3-4458-b22c-5e7b41dd2f7d	Marcus Stoinis	ALL_ROUNDER	Punjab Kings	9	\N	2026-03-22 22:33:16.837148	2026-03-22 22:33:16.837149	https://img1.hscicdn.com/image/upload/f_auto,t_h_100/lsci/db/PICTURES/CMS/321500/321596.2.png	Australia
decda481-09a1-4ada-a62a-0fd1a387886f	Eshan Malinga	BOWLER	Sunrisers Hyderabad	6.5	\N	2026-03-22 22:33:16.837522	2026-03-22 22:33:16.837523	https://img1.hscicdn.com/image/upload/f_auto,t_h_100/lsci/db/PICTURES/CMS/399200/399252.2.png	Sri Lanka
\.


--
-- Data for Name: users; Type: TABLE DATA; Schema: public; Owner: -
--

COPY public.users (id, username, email, password_hash, role, is_verified, created_at, updated_at) FROM stdin;
31d8e875-906d-4292-9e0b-22ba3a14ab4e	admin	dibsarthak@gmail.com	$2b$12$kvxiofOEeVVz/iC.wVGSAehkAuyES/vpdQspLfXouzaM1HlsZRoUi	ADMIN	t	2026-03-23 13:34:35.744229	2026-03-23 13:44:29.861116
ddf3f3bd-5819-444a-b037-2fc2bd94384e	Lara_B	swati2190@gmail.com	$2b$12$ogHajgiVUK6/x1uic/gWKugTpgBSzo0AggyPQ5QKHyhRJuC.bt8um	USER	t	2026-03-24 17:42:38.683898	2026-03-24 17:43:23.487516
6c4123f1-2862-4eda-aa89-972c59839ab1	dsm	dibyasarthakmohanty@gmail.com	$2b$12$qmBFDIWFovXiQaGr9dvTIuyfFqW8n/qmCvJL98HAbv.sQuVaRmLqq	USER	t	2026-03-25 17:39:21.408535	2026-03-25 17:39:43.952611
0363fd4f-24dd-463f-a1e2-321c9a4dc4aa	R D	rohandiwe@gmail.com	$2b$12$oAFe0PHHJaDH0NQGrV57Le2eDo7bkiJ.gpCUwsI6ghO7Ka9fix/IC	USER	t	2026-04-03 12:08:23.122112	2026-04-03 12:10:52.983264
\.


--
-- Name: alembic_version alembic_version_pkc; Type: CONSTRAINT; Schema: public; Owner: -
--

ALTER TABLE ONLY public.alembic_version
    ADD CONSTRAINT alembic_version_pkc PRIMARY KEY (version_num);


--
-- Name: fantasy_team_players fantasy_team_players_fantasy_team_id_player_id_key; Type: CONSTRAINT; Schema: public; Owner: -
--

ALTER TABLE ONLY public.fantasy_team_players
    ADD CONSTRAINT fantasy_team_players_fantasy_team_id_player_id_key UNIQUE (fantasy_team_id, player_id);


--
-- Name: fantasy_team_players fantasy_team_players_pkey; Type: CONSTRAINT; Schema: public; Owner: -
--

ALTER TABLE ONLY public.fantasy_team_players
    ADD CONSTRAINT fantasy_team_players_pkey PRIMARY KEY (id);


--
-- Name: fantasy_teams fantasy_teams_pkey; Type: CONSTRAINT; Schema: public; Owner: -
--

ALTER TABLE ONLY public.fantasy_teams
    ADD CONSTRAINT fantasy_teams_pkey PRIMARY KEY (id);


--
-- Name: fantasy_teams fantasy_teams_user_id_match_id_key; Type: CONSTRAINT; Schema: public; Owner: -
--

ALTER TABLE ONLY public.fantasy_teams
    ADD CONSTRAINT fantasy_teams_user_id_match_id_key UNIQUE (user_id, match_id);


--
-- Name: matches matches_external_id_key; Type: CONSTRAINT; Schema: public; Owner: -
--

ALTER TABLE ONLY public.matches
    ADD CONSTRAINT matches_external_id_key UNIQUE (external_id);


--
-- Name: matches matches_pkey; Type: CONSTRAINT; Schema: public; Owner: -
--

ALTER TABLE ONLY public.matches
    ADD CONSTRAINT matches_pkey PRIMARY KEY (id);


--
-- Name: performance_points performance_points_match_id_player_id_key; Type: CONSTRAINT; Schema: public; Owner: -
--

ALTER TABLE ONLY public.performance_points
    ADD CONSTRAINT performance_points_match_id_player_id_key UNIQUE (match_id, player_id);


--
-- Name: performance_points performance_points_pkey; Type: CONSTRAINT; Schema: public; Owner: -
--

ALTER TABLE ONLY public.performance_points
    ADD CONSTRAINT performance_points_pkey PRIMARY KEY (id);


--
-- Name: players players_external_id_key; Type: CONSTRAINT; Schema: public; Owner: -
--

ALTER TABLE ONLY public.players
    ADD CONSTRAINT players_external_id_key UNIQUE (external_id);


--
-- Name: players players_pkey; Type: CONSTRAINT; Schema: public; Owner: -
--

ALTER TABLE ONLY public.players
    ADD CONSTRAINT players_pkey PRIMARY KEY (id);


--
-- Name: users users_email_key; Type: CONSTRAINT; Schema: public; Owner: -
--

ALTER TABLE ONLY public.users
    ADD CONSTRAINT users_email_key UNIQUE (email);


--
-- Name: users users_pkey; Type: CONSTRAINT; Schema: public; Owner: -
--

ALTER TABLE ONLY public.users
    ADD CONSTRAINT users_pkey PRIMARY KEY (id);


--
-- Name: users users_username_key; Type: CONSTRAINT; Schema: public; Owner: -
--

ALTER TABLE ONLY public.users
    ADD CONSTRAINT users_username_key UNIQUE (username);


--
-- Name: fantasy_team_players fantasy_team_players_fantasy_team_id_fkey; Type: FK CONSTRAINT; Schema: public; Owner: -
--

ALTER TABLE ONLY public.fantasy_team_players
    ADD CONSTRAINT fantasy_team_players_fantasy_team_id_fkey FOREIGN KEY (fantasy_team_id) REFERENCES public.fantasy_teams(id) ON DELETE CASCADE;


--
-- Name: fantasy_team_players fantasy_team_players_player_id_fkey; Type: FK CONSTRAINT; Schema: public; Owner: -
--

ALTER TABLE ONLY public.fantasy_team_players
    ADD CONSTRAINT fantasy_team_players_player_id_fkey FOREIGN KEY (player_id) REFERENCES public.players(id);


--
-- Name: fantasy_teams fantasy_teams_match_id_fkey; Type: FK CONSTRAINT; Schema: public; Owner: -
--

ALTER TABLE ONLY public.fantasy_teams
    ADD CONSTRAINT fantasy_teams_match_id_fkey FOREIGN KEY (match_id) REFERENCES public.matches(id);


--
-- Name: fantasy_teams fantasy_teams_motm_prediction_fkey; Type: FK CONSTRAINT; Schema: public; Owner: -
--

ALTER TABLE ONLY public.fantasy_teams
    ADD CONSTRAINT fantasy_teams_motm_prediction_fkey FOREIGN KEY (motm_prediction) REFERENCES public.players(id);


--
-- Name: fantasy_teams fantasy_teams_user_id_fkey; Type: FK CONSTRAINT; Schema: public; Owner: -
--

ALTER TABLE ONLY public.fantasy_teams
    ADD CONSTRAINT fantasy_teams_user_id_fkey FOREIGN KEY (user_id) REFERENCES public.users(id);


--
-- Name: matches matches_motm_player_id_fkey; Type: FK CONSTRAINT; Schema: public; Owner: -
--

ALTER TABLE ONLY public.matches
    ADD CONSTRAINT matches_motm_player_id_fkey FOREIGN KEY (motm_player_id) REFERENCES public.players(id);


--
-- Name: performance_points performance_points_match_id_fkey; Type: FK CONSTRAINT; Schema: public; Owner: -
--

ALTER TABLE ONLY public.performance_points
    ADD CONSTRAINT performance_points_match_id_fkey FOREIGN KEY (match_id) REFERENCES public.matches(id);


--
-- Name: performance_points performance_points_player_id_fkey; Type: FK CONSTRAINT; Schema: public; Owner: -
--

ALTER TABLE ONLY public.performance_points
    ADD CONSTRAINT performance_points_player_id_fkey FOREIGN KEY (player_id) REFERENCES public.players(id);


--
-- PostgreSQL database dump complete
--

\unrestrict cmB5l1TmPDOdDu0b6fekvQbQfaQMfZmQX9XgYJQeQuIEiNUKLv0PUFoGAhuq1K7

